cluster,weekday,time,Delay Sensitive,Delay Stringent,Delay Tolerant
0,Mon,0:00,66296.50667,687.714424,142211.204
0,Mon,0:20,57557.43538,433.3125098,134062.4459
0,Mon,0:40,50411.23885,279.2146665,130575.9723
0,Mon,1:00,45915.6936,225.798983,128134.3521
0,Mon,1:20,42288.23141,202.8315138,123244.2046
0,Mon,1:40,38292.4702,150.5147559,115684.7659
0,Mon,2:00,35240.03051,120.7117296,110723.3003
0,Mon,2:20,33884.62698,115.3375853,109605.5978
0,Mon,2:40,34730.58023,133.332088,108337.2668
0,Mon,3:00,36296.58371,163.8985883,109239.1031
0,Mon,3:20,37423.17299,174.5903877,115475.3304
0,Mon,3:40,41814.93829,202.5031485,124335.7902
0,Mon,4:00,49412.62885,278.9068846,131730.6181
0,Mon,4:20,55317.82134,364.5425448,138583.6633
0,Mon,4:40,63263.93229,488.8769214,152906.3314
0,Mon,5:00,72863.00365,651.9229644,174758.2441
0,Mon,5:20,79029.42287,757.6440833,197267.6544
0,Mon,5:40,84433.19501,937.3940345,217796.9656
0,Mon,6:00,92584.52539,1447.9829,243928.2056
0,Mon,6:20,102038.7997,2761.837058,272227.5008
0,Mon,6:40,110806.0095,5284.135602,293634.3456
0,Mon,7:00,112524.1105,8219.197563,300945.1772
0,Mon,7:20,107152.5918,11003.21342,296650.7806
0,Mon,7:40,104837.7722,13760.5053,302217.8634
0,Mon,8:00,107500.7051,15442.44771,316749.2018
0,Mon,8:20,109942.6738,14417.54904,326047.3504
0,Mon,8:40,109521.5583,13143.69524,330831.9679
0,Mon,9:00,107732.1781,13031.07024,327864.4806
0,Mon,9:20,106957.7612,11985.32202,318658.2832
0,Mon,9:40,112230.2558,9927.105249,325022.051
0,Mon,10:00,120748.7104,8676.982025,340400.4967
0,Mon,10:20,127711.3015,7614.849553,345936.8753
0,Mon,10:40,134080.9923,6521.248219,352454.7973
0,Mon,11:00,135576.9881,6074.476008,358437.7154
0,Mon,11:20,132983.2357,7063.126153,356148.0213
0,Mon,11:40,130460.0685,9628.194644,362267.7019
0,Mon,12:00,130936.4319,11359.41524,370510.5786
0,Mon,12:20,132938.9541,11123.13381,362972.3397
0,Mon,12:40,132769.2799,10917.36735,354493.1651
0,Mon,13:00,132534.4753,10773.10617,339467.2495
0,Mon,13:20,132178.5307,10188.63361,319323.2329
0,Mon,13:40,135441.7042,10583.78491,334941.8199
0,Mon,14:00,141368.4407,10928.63238,370771.039
0,Mon,14:20,143106.0318,10110.95692,387615.1408
0,Mon,14:40,144200.2076,9068.85906,388560.8171
0,Mon,15:00,143845.2747,8194.304697,379459.3115
0,Mon,15:20,141859.4916,7246.561576,368832.085
0,Mon,15:40,144141.1419,6374.934849,369760.9914
0,Mon,16:00,147351.7626,5430.79133,374946.082
0,Mon,16:20,148464.5489,4454.505862,371180.3972
0,Mon,16:40,147526.2138,4302.026422,362602.0864
0,Mon,17:00,143214.0661,4366.43792,343402.6229
0,Mon,17:20,139899.3901,4311.615535,325835.5778
0,Mon,17:40,143651.3619,4781.559118,329824.1942
0,Mon,18:00,147526.6711,5148.29013,334247.3728
0,Mon,18:20,142425.6767,5167.312756,319790.8124
0,Mon,18:40,141611.0207,5146.746763,313705.8225
0,Mon,19:00,150560.387,5171.169518,316598.6411
0,Mon,19:20,157008.7444,5076.805022,310915.7714
0,Mon,19:40,156656.6342,4723.217527,308737.5389
0,Mon,20:00,153938.2519,4330.467652,304544.5482
0,Mon,20:20,151251.1791,3824.286654,290901.5128
0,Mon,20:40,144268.9252,3601.03809,280957.4495
0,Mon,21:00,131986.3559,3841.590027,275103.4996
0,Mon,21:20,121372.069,3893.820805,263110.778
0,Mon,21:40,114712.2192,3246.088123,243434.3488
0,Mon,22:00,107958.0095,2321.029764,217620.0334
0,Mon,22:20,100302.9529,1710.697421,196385.4971
0,Mon,22:40,93728.22916,1478.894984,187579.7892
0,Mon,23:00,84096.50591,1262.18073,181099.8046
0,Mon,23:20,70070.0474,1049.947217,166638.9824
0,Mon,23:40,60805.60893,882.3419041,152649.6269
0,Tue,0:00,55622.13227,601.8047338,143967.5371
0,Tue,0:20,48795.20725,294.5640903,137581.4687
0,Tue,0:40,43854.22387,167.3158784,131505.0696
0,Tue,1:00,42533.94129,127.9332854,127865.3464
0,Tue,1:20,42479.68315,117.8152595,125895.3341
0,Tue,1:40,40647.66992,114.4708542,121763.7391
0,Tue,2:00,38090.65432,110.7450763,115484.9041
0,Tue,2:20,38437.29912,113.8910548,110666.5376
0,Tue,2:40,40036.49338,115.2128184,109257.1009
0,Tue,3:00,40984.73811,117.393116,111221.9674
0,Tue,3:20,42451.13834,128.8313432,116157.7438
0,Tue,3:40,45450.38312,152.5266408,123277.1412
0,Tue,4:00,50741.90749,202.4114278,131741.9014
0,Tue,4:20,55877.64328,281.0659806,142427.8835
0,Tue,4:40,62816.61215,414.3585239,157355.6285
0,Tue,5:00,69711.3615,621.8257215,175678.0784
0,Tue,5:20,75179.92264,807.1231584,194193.3873
0,Tue,5:40,84106.91242,898.7732317,216135.7454
0,Tue,6:00,95524.14143,1258.287171,242940.363
0,Tue,6:20,109217.3923,2393.167452,270741.8737
0,Tue,6:40,118689.4722,4259.612453,290822.4258
0,Tue,7:00,116458.9055,6302.011822,295538.5322
0,Tue,7:20,112600.0856,9007.727553,293236.6432
0,Tue,7:40,115732.7106,12414.56016,302110.0269
0,Tue,8:00,118195.7035,14096.43014,314967.9213
0,Tue,8:20,114318.1079,13300.52428,313402.847
0,Tue,8:40,112697.7256,12323.43752,317448.6922
0,Tue,9:00,114123.3668,11645.09198,322745.2098
0,Tue,9:20,112947.7103,10192.9245,308666.4579
0,Tue,9:40,117393.5842,9204.863332,309597.6447
0,Tue,10:00,124542.6751,8996.802579,325972.117
0,Tue,10:20,126738.4701,7680.493057,327293.1501
0,Tue,10:40,131837.9034,6126.084311,333290.8381
0,Tue,11:00,136527.9447,5458.40285,345447.4181
0,Tue,11:20,134367.2263,6332.990058,348895.4481
0,Tue,11:40,130433.7248,8702.99833,346833.3775
0,Tue,12:00,132890.2524,10555.28225,329927.2257
0,Tue,12:20,133137.5973,10565.54718,307349.1271
0,Tue,12:40,133528.3918,10527.96687,322601.5796
0,Tue,13:00,140042.6814,10719.47898,349718.92
0,Tue,13:20,142510.4116,10678.57282,352896.1397
0,Tue,13:40,142529.2887,11078.02366,357744.3996
0,Tue,14:00,138326.1166,10920.74954,353698.4124
0,Tue,14:20,132932.852,9352.425257,336461.0935
0,Tue,14:40,135151.318,7892.08929,345122.6008
0,Tue,15:00,137614.2035,7039.073335,367329.077
0,Tue,15:20,137297.8873,6119.85532,368380.3084
0,Tue,15:40,139065.3431,5503.5226,365428.9009
0,Tue,16:00,140710.1439,5440.831289,363748.2379
0,Tue,16:20,140757.0879,5186.038212,355713.6367
0,Tue,16:40,141671.3894,4838.30135,349315.8604
0,Tue,17:00,142103.717,4802.909318,339328.4789
0,Tue,17:20,142431.171,4822.146318,323482.9838
0,Tue,17:40,143039.2799,5086.586566,324339.5046
0,Tue,18:00,146560.7661,5407.245309,328808.8352
0,Tue,18:20,152086.1164,5705.842901,320455.7973
0,Tue,18:40,154947.3051,6255.703448,317032.4681
0,Tue,19:00,156683.9569,6182.030694,316357.1749
0,Tue,19:20,151207.8444,5454.044742,309377.6853
0,Tue,19:40,147204.0393,5270.195145,305005.0504
0,Tue,20:00,149096.6591,5569.16774,303670.3596
0,Tue,20:20,145472.3966,5778.087428,295787.6872
0,Tue,20:40,140882.1888,5989.565099,283498.3512
0,Tue,21:00,133881.052,5857.127241,265290.5285
0,Tue,21:20,122784.7129,4859.140891,241079.9555
0,Tue,21:40,114260.1873,4083.073038,227643.6217
0,Tue,22:00,103682.6873,3777.559325,216984.1873
0,Tue,22:20,92213.52627,3177.11326,197668.5679
0,Tue,22:40,86731.68252,2538.074697,184764.6311
0,Tue,23:00,79943.96466,2089.709245,172802.3021
0,Tue,23:20,70180.65771,1699.764911,155764.0317
0,Tue,23:40,63522.84941,1362.100002,145502.6193
0,Wed,0:00,56137.95353,884.8047602,141127.8176
0,Wed,0:20,50344.96439,507.748904,136227.1184
0,Wed,0:40,46449.71329,342.0622166,130821.6734
0,Wed,1:00,44041.20206,341.6455612,124500.2342
0,Wed,1:20,43268.14685,316.7778352,119945.1699
0,Wed,1:40,41120.76959,227.6050587,115474.3887
0,Wed,2:00,37499.04503,159.4868847,109417.7194
0,Wed,2:20,36806.20132,124.7684907,107860.5639
0,Wed,2:40,37462.3542,112.777769,107328.3762
0,Wed,3:00,38457.81265,130.6802217,107060.1427
0,Wed,3:20,42003.38395,146.1523703,114717.3079
0,Wed,3:40,44886.81986,153.5802425,124999.0567
0,Wed,4:00,46575.17087,199.7021094,130521.1935
0,Wed,4:20,51491.99028,260.7848624,137479.1769
0,Wed,4:40,58321.22571,378.6228767,149768.8268
0,Wed,5:00,68761.25639,637.4896318,164982.0367
0,Wed,5:20,81530.18341,978.6413192,184593.432
0,Wed,5:40,87571.43894,1451.111648,206664.2835
0,Wed,6:00,94126.0963,1793.286232,228474.7647
0,Wed,6:20,104554.7992,2529.823979,252886.9313
0,Wed,6:40,111628.1248,4371.127143,274086.9507
0,Wed,7:00,110852.5356,6665.663832,282754.0452
0,Wed,7:20,107966.5984,8728.052066,286986.4665
0,Wed,7:40,107539.5037,10874.15889,293738.2139
0,Wed,8:00,105553.6215,12200.85016,292638.484
0,Wed,8:20,104827.9663,11640.6889,289393.1894
0,Wed,8:40,107655.7871,11816.23016,296304.441
0,Wed,9:00,110659.8518,12290.65351,298154.5087
0,Wed,9:20,109856.848,11148.3347,292878.2608
0,Wed,9:40,111233.7355,9824.441501,304634.192
0,Wed,10:00,116883.5498,8715.344959,315249.4303
0,Wed,10:20,120343.4737,7196.784642,315942.9874
0,Wed,10:40,127868.744,5991.568938,327944.8263
0,Wed,11:00,135250.1496,5656.422639,329715.171
0,Wed,11:20,133204.7654,6019.402944,317114.227
0,Wed,11:40,127972.8815,7805.986263,315928.1963
0,Wed,12:00,123935.2552,9431.811126,310179.391
0,Wed,12:20,122900.796,9414.419814,292837.388
0,Wed,12:40,130281.8607,9486.523844,313350.8128
0,Wed,13:00,140494.1358,9767.346423,348566.8004
0,Wed,13:20,142147.7652,9268.850006,352293.907
0,Wed,13:40,142723.2012,8879.006621,353843.3626
0,Wed,14:00,148252.6835,8668.586575,358653.4819
0,Wed,14:20,147501.9441,8208.519503,356233.7123
0,Wed,14:40,145606.289,7462.461289,355860.341
0,Wed,15:00,147741.9999,6492.221418,361428.4021
0,Wed,15:20,148529.4422,6017.70419,364933.7323
0,Wed,15:40,150338.5115,5810.451979,361717.5721
0,Wed,16:00,152341.794,5565.469303,354086.0972
0,Wed,16:20,152083.9833,5166.576513,345180.1379
0,Wed,16:40,153347.6816,4784.375527,342880.7038
0,Wed,17:00,155215.4751,4970.075981,340500.0586
0,Wed,17:20,149835.8286,5197.144906,325467.273
0,Wed,17:40,143754.026,5435.261696,318707.8509
0,Wed,18:00,147158.6909,5835.051244,321975.4014
0,Wed,18:20,151745.2545,5703.931094,316414.331
0,Wed,18:40,154716.5342,5418.574466,314504.8139
0,Wed,19:00,159753.6582,5477.709352,315566.9908
0,Wed,19:20,160112.5983,5452.854232,310595.9347
0,Wed,19:40,158416.7977,5187.724459,304956.6758
0,Wed,20:00,155746.2361,4562.022503,290554.7396
0,Wed,20:20,146635.7369,3933.310272,269733.8963
0,Wed,20:40,140784.684,4019.433113,262844.6768
0,Wed,21:00,137030.6141,4110.463977,258653.4095
0,Wed,21:20,125225.6576,3458.172547,237872.6976
0,Wed,21:40,115425.89,2900.891848,225422.4767
0,Wed,22:00,106723.1989,2503.586678,216442.3379
0,Wed,22:20,93900.48224,1947.976126,188859.2486
0,Wed,22:40,88306.45121,1855.018354,176937.5599
0,Wed,23:00,84144.92201,1674.956596,173072.6034
0,Wed,23:20,74088.15998,1068.989171,154864.7027
0,Wed,23:40,65353.65973,736.9012042,142514.3869
0,Thu,0:00,58369.61262,517.1529172,137703.6782
0,Thu,0:20,51639.64679,389.6936303,128145.0264
0,Thu,0:40,47610.72652,338.060849,125346.7066
0,Thu,1:00,45037.46697,338.6041244,127358.579
0,Thu,1:20,43811.64504,277.6809149,122604.9123
0,Thu,1:40,43657.34207,220.0784083,116551.7237
0,Thu,2:00,41200.55821,256.6126653,114780.6067
0,Thu,2:20,37537.45027,255.4782195,115381.2506
0,Thu,2:40,37836.0982,240.784167,117170.2888
0,Thu,3:00,40017.19204,255.336934,119928.7492
0,Thu,3:20,42257.40258,229.5782442,123394.0327
0,Thu,3:40,47786.71603,319.9355443,126410.8348
0,Thu,4:00,53189.32984,484.0978524,129725.4846
0,Thu,4:20,56831.66348,476.7697145,135324.4549
0,Thu,4:40,64255.69838,501.1098884,148701.2859
0,Thu,5:00,74312.93142,663.7212373,167359.2122
0,Thu,5:20,82964.53154,848.4253097,186349.4366
0,Thu,5:40,89225.76558,1161.410531,206313.4579
0,Thu,6:00,98229.85219,1794.010591,229445.7935
0,Thu,6:20,115704.7843,2826.845224,258059.9095
0,Thu,6:40,127554.122,4696.401564,281619.9938
0,Thu,7:00,121081.9273,7189.178497,284181.8383
0,Thu,7:20,110448.1278,9283.324721,278822.9508
0,Thu,7:40,111636.4145,11534.57946,291569.6819
0,Thu,8:00,119381.0947,12438.41204,308047.5368
0,Thu,8:20,120025.888,11717.37335,314518.205
0,Thu,8:40,116441.9171,11694.04912,315080.6168
0,Thu,9:00,116684.1188,11394.99563,312767.3986
0,Thu,9:20,118040.0372,10305.94173,309974.368
0,Thu,9:40,120496.8027,9015.787679,314658.4095
0,Thu,10:00,124718.264,7740.855148,321262.4162
0,Thu,10:20,130706.1449,6702.099522,322245.6505
0,Thu,10:40,137601.255,5694.052663,330643.6338
0,Thu,11:00,139669.5523,4963.456472,335510.0249
0,Thu,11:20,136299.7651,5228.977446,330264.167
0,Thu,11:40,134818.604,7178.433076,329669.3583
0,Thu,12:00,134472.5843,8984.346602,326735.9152
0,Thu,12:20,131419.9722,8802.66937,315505.9897
0,Thu,12:40,135982.4228,8871.947472,326450.6021
0,Thu,13:00,145054.1278,9844.081168,349800.8894
0,Thu,13:20,147102.4873,9605.272948,352629.7559
0,Thu,13:40,147343.3889,9147.584781,347190.4601
0,Thu,14:00,150685.0946,8865.467215,345248.7406
0,Thu,14:20,150559.5163,7730.820404,345234.5781
0,Thu,14:40,149600.4926,6860.060232,356294.0618
0,Thu,15:00,151598.9403,6588.842857,372527.3762
0,Thu,15:20,152117.5316,5984.673287,373178.7614
0,Thu,15:40,150832.9754,5289.554711,362504.9618
0,Thu,16:00,151274.2427,5085.441666,352936.7451
0,Thu,16:20,153067.9269,5288.402762,344904.3323
0,Thu,16:40,153460.7347,5419.323431,341314.0364
0,Thu,17:00,152280.8639,5148.409532,342700.4583
0,Thu,17:20,152604.6753,4910.581221,340804.6408
0,Thu,17:40,155756.1544,5071.069592,337114.9071
0,Thu,18:00,153923.9094,5069.20206,320854.168
0,Thu,18:20,151497.1676,4670.109912,302190.276
0,Thu,18:40,157434.207,4856.350822,305233.9181
0,Thu,19:00,162215.7398,5309.396771,311549.7919
0,Thu,19:20,161165.5819,5169.875528,307083.5978
0,Thu,19:40,161225.7619,4674.662021,303312.2314
0,Thu,20:00,163542.1175,4327.847354,301410.531
0,Thu,20:20,161124.6219,4191.665561,294179.4476
0,Thu,20:40,152560.0521,4141.381869,287232.8477
0,Thu,21:00,143978.2925,3921.00116,277303.0448
0,Thu,21:20,135448.2194,3428.205704,257724.0171
0,Thu,21:40,127669.121,3053.171508,240545.389
0,Thu,22:00,120670.1918,2874.306853,226788.1424
0,Thu,22:20,109143.4605,2519.329703,209802.6943
0,Thu,22:40,98080.83172,1822.280653,189985.445
0,Thu,23:00,89668.50542,1074.137322,159280.1692
0,Thu,23:20,76855.96724,444.9170448,124190.8012
0,Thu,23:40,67949.98878,281.1313186,116846.9386
0,Fri,0:00,66811.65649,375.7764016,139308.8782
0,Fri,0:20,61915.3461,332.4315211,144117.2035
0,Fri,0:40,52806.10933,265.8243058,136730.3894
0,Fri,1:00,47511.05523,204.3830321,130017.8931
0,Fri,1:20,46256.87234,161.6203128,126632.3324
0,Fri,1:40,43517.62871,143.1339623,122897.2573
0,Fri,2:00,40094.26519,127.2390919,118558.677
0,Fri,2:20,37250.86998,118.0757683,116485.2543
0,Fri,2:40,36045.97279,123.3366244,115510.5891
0,Fri,3:00,37323.77504,131.824375,115216.5794
0,Fri,3:20,39347.93216,121.4870987,117983.5706
0,Fri,3:40,39379.25202,143.9880414,122939.5911
0,Fri,4:00,40723.19736,206.7718587,129361.1793
0,Fri,4:20,46929.73709,249.4391558,139676.9588
0,Fri,4:40,59908.74636,299.5598783,152023.1668
0,Fri,5:00,74460.07946,409.2105847,164097.6921
0,Fri,5:20,82402.60586,756.416725,180900.8294
0,Fri,5:40,87601.51096,1355.209444,203019.3312
0,Fri,6:00,95175.79468,1870.209032,228398.2391
0,Fri,6:20,107888.9661,3121.238592,254382.0854
0,Fri,6:40,117490.6928,5543.149779,271252.0255
0,Fri,7:00,117654.8168,7479.086053,273533.3725
0,Fri,7:20,113549.4217,9275.949832,267035.5935
0,Fri,7:40,112465.831,11776.35881,276850.122
0,Fri,8:00,112057.2556,12783.73585,289631.8043
0,Fri,8:20,109165.2165,11995.05322,278712.0296
0,Fri,8:40,110659.9361,11120.22427,283948.0148
0,Fri,9:00,112263.0997,11079.31484,294430.8014
0,Fri,9:20,112155.6519,9997.985798,286186.915
0,Fri,9:40,116915.9381,8898.997134,296472.1095
0,Fri,10:00,125358.9959,8207.70279,312201.8048
0,Fri,10:20,133797.3017,6523.562848,310275.4042
0,Fri,10:40,141443.1747,5000.108616,316386.5849
0,Fri,11:00,146596.1079,4788.32986,331776.2099
0,Fri,11:20,148515.1232,5691.241359,336310.0658
0,Fri,11:40,147722.8286,7055.872707,333566.4194
0,Fri,12:00,146058.0763,7635.566619,326548.0261
0,Fri,12:20,147771.5976,7522.828002,312236.2128
0,Fri,12:40,155185.4779,8605.0451,322768.9923
0,Fri,13:00,161898.6597,10102.79143,346969.33
0,Fri,13:20,163286.0407,9349.077777,354480.0798
0,Fri,13:40,164148.6873,7969.889222,356711.3784
0,Fri,14:00,162848.9758,7068.85936,354881.3146
0,Fri,14:20,158648.7773,6280.940436,354711.2616
0,Fri,14:40,159061.0049,5630.046946,359957.3474
0,Fri,15:00,158385.7725,5049.058966,350876.2639
0,Fri,15:20,148549.3678,4700.650446,323828.486
0,Fri,15:40,144988.2514,4591.552713,324650.6921
0,Fri,16:00,149764.8293,4521.414784,337901.3371
0,Fri,16:20,147401.4524,4197.695948,318949.0818
0,Fri,16:40,148128.66,3969.777845,313930.2161
0,Fri,17:00,154592.9983,4179.079088,325116.3834
0,Fri,17:20,154980.844,4050.571164,315928.5954
0,Fri,17:40,155447.5366,3692.894868,310809.3195
0,Fri,18:00,158265.6958,4013.238912,311301.7064
0,Fri,18:20,155188.4817,4494.666642,297437.907
0,Fri,18:40,154085.9061,4508.492149,289761.1119
0,Fri,19:00,155295.8173,4335.84641,289446.7247
0,Fri,19:20,152507.1453,3949.21316,281018.8305
0,Fri,19:40,155533.8532,3764.211602,278422.5033
0,Fri,20:00,159898.4152,4171.438717,277986.3425
0,Fri,20:20,161011.5789,4547.879087,270709.2696
0,Fri,20:40,160546.7186,4683.813675,267736.5822
0,Fri,21:00,153190.1383,4348.014573,262094.6631
0,Fri,21:20,144099.8119,3802.231042,245471.1275
0,Fri,21:40,139491.7796,3974.535569,237705.979
0,Fri,22:00,133945.3778,3857.426404,236608.9362
0,Fri,22:20,127075.1357,2981.20297,226622.0058
0,Fri,22:40,126207.2175,2652.907791,212848.0241
0,Fri,23:00,123113.346,2892.882724,196739.1391
0,Fri,23:20,107847.275,2860.578666,179576.1497
0,Fri,23:40,93577.31952,2630.607356,170161.091
0,Sat,0:00,85674.91852,2380.271635,164049.4657
0,Sat,0:20,76882.36742,1906.653914,153335.562
0,Sat,0:40,69289.0298,1156.789528,143441.5662
0,Sat,1:00,61779.73245,775.3825671,137438.1546
0,Sat,1:20,58171.26824,551.3445925,133050.9769
0,Sat,1:40,55076.03549,331.2418649,129334.1632
0,Sat,2:00,48202.863,242.70479,119132.4127
0,Sat,2:20,42470.69683,220.6270781,104406.4564
0,Sat,2:40,41830.00746,193.7598993,102133.8102
0,Sat,3:00,41860.66775,151.0209053,107756.7247
0,Sat,3:20,39866.33745,126.645333,109992.5559
0,Sat,3:40,39024.83054,135.7569283,112831.4003
0,Sat,4:00,39287.1685,152.159897,115126.3039
0,Sat,4:20,39945.8026,145.0804285,116748.245
0,Sat,4:40,42230.75322,137.6136514,120763.4742
0,Sat,5:00,46006.7835,182.7303674,124509.3728
0,Sat,5:20,49518.86732,274.1233505,132044.4907
0,Sat,5:40,51761.35142,364.5487002,144871.1363
0,Sat,6:00,55780.22598,533.8948872,155774.5871
0,Sat,6:20,64015.95496,870.617759,167364.5446
0,Sat,6:40,71024.81307,1284.905844,187883.3999
0,Sat,7:00,75217.43831,1702.583047,211494.6478
0,Sat,7:20,83272.09357,2206.562042,229865.2088
0,Sat,7:40,94466.303,2683.291162,248663.659
0,Sat,8:00,105649.1196,2991.122086,264732.2959
0,Sat,8:20,112764.9393,3057.017279,276479.8562
0,Sat,8:40,116093.8211,3206.199704,290844.0057
0,Sat,9:00,118963.9185,3264.653332,297153.8012
0,Sat,9:20,117730.3384,3054.882749,292565.3703
0,Sat,9:40,116849.6222,2986.024127,296439.4478
0,Sat,10:00,122131.8055,3074.125575,295416.6025
0,Sat,10:20,125825.305,3053.847253,278404.5555
0,Sat,10:40,128767.1773,3014.051769,287728.402
0,Sat,11:00,132232.7867,3031.5928,314315.3264
0,Sat,11:20,130600.9011,2825.702448,322256.9492
0,Sat,11:40,130574.9606,2916.002551,327269.7249
0,Sat,12:00,135200.8789,3596.933935,332732.6615
0,Sat,12:20,138093.7572,4023.855857,333841.3666
0,Sat,12:40,138746.1533,3883.660745,335036.546
0,Sat,13:00,140614.7689,3599.612099,327998.1937
0,Sat,13:20,143699.5087,3472.956307,309988.4797
0,Sat,13:40,149715.9625,3768.319982,312784.8548
0,Sat,14:00,156046.9629,4080.059735,334497.6138
0,Sat,14:20,157375.1373,4072.775403,343742.7274
0,Sat,14:40,155081.6673,4029.823222,342054.8196
0,Sat,15:00,148451.7769,4030.073929,321654.5143
0,Sat,15:20,138352.7468,3753.494342,293456.0716
0,Sat,15:40,140734.4767,3638.561802,302291.7582
0,Sat,16:00,147930.2788,3920.264577,322254.0914
0,Sat,16:20,146897.4273,3797.01112,313110.1527
0,Sat,16:40,150209.4378,3763.848119,307497.8371
0,Sat,17:00,157411.1479,4019.061404,313154.8915
0,Sat,17:20,157541.2337,3977.358354,309003.5315
0,Sat,17:40,155982.0513,3787.018618,302342.7492
0,Sat,18:00,159673.5237,3855.457524,299180.4323
0,Sat,18:20,164923.4385,4154.995762,297340.569
0,Sat,18:40,166482.4909,4418.666084,298398.461
0,Sat,19:00,164859.0934,4589.998038,296990.7851
0,Sat,19:20,163332.5298,4793.721562,290123.6674
0,Sat,19:40,164053.3313,4836.265183,286367.6062
0,Sat,20:00,161486.1947,4415.972135,287480.7311
0,Sat,20:20,156009.7933,4184.404004,285630.6542
0,Sat,20:40,153798.4899,4469.055132,276367.8815
0,Sat,21:00,148458.1102,4602.670607,260591.5267
0,Sat,21:20,141715.7625,4296.671151,243433.1671
0,Sat,21:40,138847.6233,4178.576538,234628.7443
0,Sat,22:00,133503.8876,4479.489452,229911.5624
0,Sat,22:20,123166.3573,4034.836446,220714.7588
0,Sat,22:40,113324.5737,3456.732938,207511.4057
0,Sat,23:00,105497.712,3323.726828,190950.004
0,Sat,23:20,96934.47744,2565.433328,172962.348
0,Sat,23:40,89907.82561,1860.616831,161434.9199
0,Sun,0:00,82997.70597,1461.455511,156745.784
0,Sun,0:20,73658.73737,998.5217478,149048.9564
0,Sun,0:40,66105.87385,616.8180532,141435.737
0,Sun,1:00,59283.40835,435.702217,134993.1085
0,Sun,1:20,54760.87466,364.2421684,130962.0456
0,Sun,1:40,52067.32366,285.9561231,127561.5439
0,Sun,2:00,49126.25765,193.9755834,119746.2779
0,Sun,2:20,44890.5444,134.0000688,114048.3965
0,Sun,2:40,42864.50317,128.55392,112109.1829
0,Sun,3:00,44290.46281,134.5225121,109375.9928
0,Sun,3:20,43867.9347,101.4515231,109314.9446
0,Sun,3:40,41693.25032,86.83340702,110868.0749
0,Sun,4:00,38885.25161,97.90948368,110223.2721
0,Sun,4:20,36568.23135,99.30695086,109572.6023
0,Sun,4:40,39233.85822,115.229275,115600.4454
0,Sun,5:00,44202.88076,151.5963219,125374.0443
0,Sun,5:20,50028.79651,191.5706393,133998.5224
0,Sun,5:40,55796.41848,270.094388,144203.1572
0,Sun,6:00,60474.12144,419.5807967,155499.0414
0,Sun,6:20,68128.38669,613.8773519,168613.549
0,Sun,6:40,76793.57364,877.4753696,188117.9308
0,Sun,7:00,82588.918,1354.474495,212357.1022
0,Sun,7:20,91521.11053,2071.580439,233892.0334
0,Sun,7:40,101485.3847,2778.370364,253358.4473
0,Sun,8:00,102706.0518,3160.959136,259286.0708
0,Sun,8:20,103200.3047,2991.310695,253246.3316
0,Sun,8:40,109999.6409,2808.001447,269808.3313
0,Sun,9:00,113503.4375,2959.463295,288668.3099
0,Sun,9:20,116817.7407,3245.522244,290607.5144
0,Sun,9:40,124463.2103,3353.508616,298392.2194
0,Sun,10:00,125395.6094,3308.078583,301972.7193
0,Sun,10:20,122235.5927,3292.486797,298194.8377
0,Sun,10:40,126036.0449,3325.010052,304374.9317
0,Sun,11:00,130070.5832,3436.194666,312523.8481
0,Sun,11:20,131320.923,3297.911532,312328.0804
0,Sun,11:40,135561.3984,3561.392727,321612.7579
0,Sun,12:00,136323.4654,4097.11858,334565.4526
0,Sun,12:20,135585.4622,4156.990063,334369.8802
0,Sun,12:40,137521.4795,3961.036173,329428.9834
0,Sun,13:00,138214.9486,3914.227467,313110.5464
0,Sun,13:20,138196.836,3995.086187,295000.8895
0,Sun,13:40,143687.1118,4400.596483,310447.7228
0,Sun,14:00,149648.2161,4750.483936,338604.6797
0,Sun,14:20,150047.2348,4701.891108,344673.1211
0,Sun,14:40,149695.2077,5045.178344,350716.4353
0,Sun,15:00,150515.3092,5412.8068,362676.3021
0,Sun,15:20,151357.5417,5244.060699,364333.3803
0,Sun,15:40,154249.4903,5032.726053,363515.0309
0,Sun,16:00,156779.4066,5329.157315,355191.9022
0,Sun,16:20,158598.0495,5506.425101,342217.9193
0,Sun,16:40,158973.9744,5130.194469,334754.7922
0,Sun,17:00,155776.842,4856.484633,320791.6217
0,Sun,17:20,152902.4034,4722.670744,300710.1761
0,Sun,17:40,157083.2392,4883.427121,306616.2548
0,Sun,18:00,160384.2348,5275.550951,314880.5169
0,Sun,18:20,155328.8479,5604.530347,299016.871
0,Sun,18:40,153049.2873,5603.178767,294254.6817
0,Sun,19:00,156696.7271,4991.923549,299449.4991
0,Sun,19:20,162461.9942,4701.509996,298315.3771
0,Sun,19:40,161636.9207,5042.250419,297767.6592
0,Sun,20:00,153178.6276,4847.453272,297755.8446
0,Sun,20:20,148724.3819,4492.896248,296171.1008
0,Sun,20:40,147854.9219,4260.986526,290458.692
0,Sun,21:00,141744.9192,3715.715152,272682.3662
0,Sun,21:20,133094.4996,3455.819131,250960.8929
0,Sun,21:40,122631.1684,3363.016498,233692.7816
0,Sun,22:00,111303.3026,2921.666023,216620.8142
0,Sun,22:20,101479.0232,2326.294836,195262.2212
0,Sun,22:40,95309.76547,2437.382496,180646.7414
0,Sun,23:00,88270.00702,2534.724438,173871.2118
0,Sun,23:20,77993.5371,1741.144119,165121.4848
0,Sun,23:40,71436.07731,1082.930742,155342.6948
1,Mon,0:00,215279.9491,10801.47622,650462.3378
1,Mon,0:20,209995.3707,10829.75702,633207.6906
1,Mon,0:40,212561.8131,10002.27566,607665.2066
1,Mon,1:00,218426.9557,8073.007858,591321.5808
1,Mon,1:20,211135.8888,6406.848715,564623.7772
1,Mon,1:40,217751.6019,8150.09556,596621.0907
1,Mon,2:00,227692.2253,10670.64609,673317.4926
1,Mon,2:20,226443.1598,10584.63086,719784.3168
1,Mon,2:40,237281.2775,9992.556554,727254.0855
1,Mon,3:00,257823.8307,9455.000607,716315.933
1,Mon,3:20,269947.7703,8568.430528,709367.3129
1,Mon,3:40,264075.3272,7051.984574,705576.3063
1,Mon,4:00,257493.401,5910.58681,687484.7374
1,Mon,4:20,267179.2138,6137.095559,678531.795
1,Mon,4:40,274322.0916,6816.288942,683108.3241
1,Mon,5:00,266983.2965,7770.405176,642833.3962
1,Mon,5:20,254772.669,8161.076415,590473.3969
1,Mon,5:40,268912.8599,7648.739119,604927.7294
1,Mon,6:00,284228.5294,7072.01384,623827.5566
1,Mon,6:20,281990.893,6735.691876,588354.8267
1,Mon,6:40,288340.1144,7622.017444,582328.3948
1,Mon,7:00,291822.3406,8396.978196,600729.625
1,Mon,7:20,290600.6008,8131.293416,581241.0185
1,Mon,7:40,295852.104,8070.31258,581230.7892
1,Mon,8:00,305309.8825,7729.944944,598083.4553
1,Mon,8:20,309795.7701,6591.151596,564668.3933
1,Mon,8:40,295908.2321,5609.491103,535889.024
1,Mon,9:00,272109.2444,4930.4775,532595.814
1,Mon,9:20,255765.7483,4396.411202,506966.8932
1,Mon,9:40,239697.8483,3895.368183,465057.0615
1,Mon,10:00,225976.9678,2914.818013,398240.1089
1,Mon,10:20,203817.0111,2261.370707,339303.3289
1,Mon,10:40,168304.1605,2440.435265,322074.3137
1,Mon,11:00,145208.2233,2598.885179,302673.4569
1,Mon,11:20,132895.9944,2300.735525,267856.9017
1,Mon,11:40,124890.4121,1805.233633,250078.9906
1,Mon,12:00,122452.5689,986.1351203,255149.593
1,Mon,12:20,106419.8658,505.2033059,244102.0531
1,Mon,12:40,104382.5653,535.3577472,223779.093
1,Mon,13:00,98284.67722,665.0651587,202435.5666
1,Mon,13:20,87784.03102,587.6398756,198572.0895
1,Mon,13:40,83272.34982,339.6935922,212191.8641
1,Mon,14:00,74957.88374,211.2293423,208875.3442
1,Mon,14:20,67423.17415,224.7104875,191932.4316
1,Mon,14:40,62051.63269,292.5234465,185086.3014
1,Mon,15:00,58741.3758,330.1982303,185161.3015
1,Mon,15:20,65338.9893,330.6570268,194626.2214
1,Mon,15:40,75639.43692,348.5637356,202858.6646
1,Mon,16:00,79407.76215,443.8654879,206654.6252
1,Mon,16:20,82965.8938,703.3284465,220917.4562
1,Mon,16:40,87852.13237,876.8455299,249084.4256
1,Mon,17:00,99664.89482,755.6345754,287509.5613
1,Mon,17:20,113996.5982,688.3771673,330962.3386
1,Mon,17:40,122298.1355,1063.052202,376985.923
1,Mon,18:00,139508.4996,2105.092315,431927.958
1,Mon,18:20,174043.1993,3798.710714,483396.6824
1,Mon,18:40,198476.3987,5996.801108,516464.2673
1,Mon,19:00,193937.7198,7822.135019,529050.9294
1,Mon,19:20,172753.0982,9417.379028,528046.9723
1,Mon,19:40,167492.165,11334.40946,549362.8685
1,Mon,20:00,178216.8697,11950.43752,569883.6956
1,Mon,20:20,180912.7328,10857.5452,562980.9757
1,Mon,20:40,185761.7393,10786.85895,566519.5054
1,Mon,21:00,188715.327,11237.75066,577518.2306
1,Mon,21:20,175964.2106,10848.20327,579832.8809
1,Mon,21:40,177812.2314,10388.11081,603538.0519
1,Mon,22:00,194848.0156,9187.661134,634438.2134
1,Mon,22:20,195757.6477,6911.610994,655890.7445
1,Mon,22:40,201222.6425,5597.877988,674610.2494
1,Mon,23:00,216268.7323,5539.918008,666355.5632
1,Mon,23:20,215343.2747,6381.150998,637290.3205
1,Mon,23:40,210792.5341,8601.810493,631919.2335
1,Tue,0:00,217205.6381,12494.78347,584271.8359
1,Tue,0:20,208796.585,12471.92643,551999.2432
1,Tue,0:40,219402.4453,12136.29382,591871.4304
1,Tue,1:00,228737.8623,11940.77534,677715.8471
1,Tue,1:20,241391.6125,11499.2154,720003.411
1,Tue,1:40,249495.1308,11861.89641,726430.9203
1,Tue,2:00,232458.2971,11690.7349,705325.8552
1,Tue,2:20,220797.3092,10050.59181,647368.4289
1,Tue,2:40,240369.0509,9196.296464,636502.9305
1,Tue,3:00,269096.4142,9777.81711,681655.8535
1,Tue,3:20,276329.1824,9396.036515,675960.9817
1,Tue,3:40,264022.2519,7982.035637,660693.8673
1,Tue,4:00,263897.6874,6863.852765,653562.575
1,Tue,4:20,268457.9738,5627.152935,630188.0687
1,Tue,4:40,262895.6874,5409.908359,605523.5943
1,Tue,5:00,249647.4009,5934.948309,573050.0295
1,Tue,5:20,238114.7428,5898.306458,548394.9286
1,Tue,5:40,255968.7781,6031.048551,566808.984
1,Tue,6:00,273941.9303,6716.450997,607683.969
1,Tue,6:20,270291.7037,7373.467957,618719.008
1,Tue,6:40,275354.1989,7767.966567,602098.3378
1,Tue,7:00,288992.7076,8111.021768,586409.7992
1,Tue,7:20,290235.1163,8421.040011,575607.572
1,Tue,7:40,276772.7708,8459.325651,561756.7207
1,Tue,8:00,265590.8101,8386.478097,530724.2961
1,Tue,8:20,252408.3486,7965.106099,514152.2293
1,Tue,8:40,244196.3079,6699.82869,505353.6819
1,Tue,9:00,241748.7761,5296.79621,467099.6718
1,Tue,9:20,221823.7881,4160.650139,425737.8541
1,Tue,9:40,201691.1654,3845.42119,398608.0908
1,Tue,10:00,195648.1393,3452.80456,358763.885
1,Tue,10:20,180522.8492,2495.201614,314160.2356
1,Tue,10:40,159860.7238,2898.332757,297187.9592
1,Tue,11:00,147626.9031,3266.636945,285788.7223
1,Tue,11:20,127101.4106,2036.783265,261609.124
1,Tue,11:40,113456.2666,1190.502915,248443.1144
1,Tue,12:00,122239.4662,1160.600569,245761.2715
1,Tue,12:20,107809.759,754.8381481,231204.5942
1,Tue,12:40,87557.92793,1024.842678,217016.9013
1,Tue,13:00,80979.24087,1444.517462,204289.976
1,Tue,13:20,78803.83517,1050.362983,195821.7479
1,Tue,13:40,69104.21385,547.6744934,197730.5286
1,Tue,14:00,62402.25767,334.2212259,198626.5425
1,Tue,14:20,65331.06897,268.3018002,197133.929
1,Tue,14:40,68545.76353,233.9175945,194393.0204
1,Tue,15:00,63723.30809,194.1398306,188449.7399
1,Tue,15:20,62408.84473,163.6339883,191306.9438
1,Tue,15:40,67415.89826,191.3702133,206018.3086
1,Tue,16:00,70937.98471,239.4992778,227732.6742
1,Tue,16:20,71162.61482,288.1580136,253126.832
1,Tue,16:40,80292.93471,433.0881873,278711.3098
1,Tue,17:00,96090.79479,586.6444395,304534.0648
1,Tue,17:20,105315.2953,738.5322359,322974.9986
1,Tue,17:40,118761.861,975.0463769,346527.4679
1,Tue,18:00,141445.7577,1273.085953,404312.2843
1,Tue,18:20,174561.6913,1927.512008,482213.5762
1,Tue,18:40,201233.5404,3759.29231,531235.0917
1,Tue,19:00,192582.3771,6149.161093,533197.3464
1,Tue,19:20,178989.8048,8518.388907,520474.7786
1,Tue,19:40,183289.5751,11258.38127,520590.5625
1,Tue,20:00,183785.7723,12740.81777,520007.3981
1,Tue,20:20,181964.8977,12346.67955,538657.7842
1,Tue,20:40,180182.5889,12337.31257,572807.4673
1,Tue,21:00,177161.8932,12986.81523,574437.8413
1,Tue,21:20,170626.622,13392.56139,526829.9716
1,Tue,21:40,174721.229,13816.19506,531799.9932
1,Tue,22:00,197386.9419,13043.62964,583688.6121
1,Tue,22:20,213762.5351,9636.542828,603471.7453
1,Tue,22:40,229878.2539,6924.431517,629758.3269
1,Tue,23:00,240852.0458,6881.01182,644585.5793
1,Tue,23:20,236162.3663,8086.432171,639404.6668
1,Tue,23:40,230925.8686,10428.20017,620735.1905
1,Wed,0:00,208542.4764,10384.55815,579866.6419
1,Wed,0:20,216334.3807,9397.682086,534544.3083
1,Wed,0:40,233924.27,9248.836395,551278.6252
1,Wed,1:00,249080.554,9666.570962,614200.8714
1,Wed,1:20,255753.2582,8778.503137,624377.7362
1,Wed,1:40,272426.8315,8188.577455,642199.1105
1,Wed,2:00,277760.3774,8775.579732,690777.8572
1,Wed,2:20,271766.6408,9244.038513,710746.4967
1,Wed,2:40,280867.4333,8524.746458,701509.6243
1,Wed,3:00,275606.6223,8200.379498,685898.154
1,Wed,3:20,266071.9829,8544.136105,672009.1796
1,Wed,3:40,272800.1797,8348.610687,653269.764
1,Wed,4:00,276919.7888,7813.323268,644881.8305
1,Wed,4:20,281966.8786,7444.638041,647665.3804
1,Wed,4:40,292786.0756,7618.446239,639907.452
1,Wed,5:00,296645.6433,8335.175149,611057.7671
1,Wed,5:20,282603.7268,8501.984136,583572.6912
1,Wed,5:40,285979.4891,8315.839172,604444.9101
1,Wed,6:00,304597.1006,8387.149993,639175.3147
1,Wed,6:20,299327.5376,8361.651012,619404.1394
1,Wed,6:40,296759.8569,8550.590885,605951.926
1,Wed,7:00,295842.7546,7868.604206,620794.7703
1,Wed,7:20,303176.7523,6103.305554,607729.2626
1,Wed,7:40,320122.6337,5162.439704,585444.226
1,Wed,8:00,311739.6481,4832.379132,560937.5767
1,Wed,8:20,297844.2264,4613.002218,513138.7397
1,Wed,8:40,296721.668,5040.680706,508964.233
1,Wed,9:00,274393.4174,5366.544715,513501.7522
1,Wed,9:20,239008.1707,4464.545538,466611.7102
1,Wed,9:40,222266.1597,4024.521546,429797.4623
1,Wed,10:00,201880.5354,4037.228004,393819.6716
1,Wed,10:20,175512.8851,2966.021852,332243.0518
1,Wed,10:40,168287.7367,1995.360926,298454.9213
1,Wed,11:00,165230.0096,1641.667858,274789.7041
1,Wed,11:20,146069.4722,1196.613261,248453.1858
1,Wed,11:40,123851.9796,887.8605517,241114.8659
1,Wed,12:00,120964.9536,824.0105708,249750.6862
1,Wed,12:20,116340.7817,402.1755186,236585.0166
1,Wed,12:40,94631.37407,335.5373054,211155.712
1,Wed,13:00,78789.30599,331.4559046,202791.607
1,Wed,13:20,67299.90452,261.5231506,196143.3694
1,Wed,13:40,58221.50477,352.9377895,188245.018
1,Wed,14:00,58775.04509,444.2387641,185176.1647
1,Wed,14:20,61956.01767,400.399736,187189.5136
1,Wed,14:40,62469.30393,529.8294769,188566.1449
1,Wed,15:00,62093.66771,531.5681535,188924.6227
1,Wed,15:20,62940.14674,337.6558187,196618.0549
1,Wed,15:40,70983.83969,353.8422194,205606.4852
1,Wed,16:00,84599.3103,571.4138679,213040.8675
1,Wed,16:20,91395.05445,863.9821927,221753.0265
1,Wed,16:40,94163.18388,996.0530689,246130.4466
1,Wed,17:00,109117.0541,719.5428043,281301.0309
1,Wed,17:20,125501.0648,745.1791672,304179.0802
1,Wed,17:40,129681.6733,1338.984994,333522.9278
1,Wed,18:00,137083.1338,2029.956938,382166.2063
1,Wed,18:20,156292.6844,3133.953916,431985.939
1,Wed,18:40,175714.6187,5528.570327,472001.8796
1,Wed,19:00,175704.614,8321.323706,493229.1281
1,Wed,19:20,167676.8883,10728.77804,497077.4714
1,Wed,19:40,167839.5257,14419.84699,513068.1826
1,Wed,20:00,163937.0466,16809.65635,530205.6184
1,Wed,20:20,159698.3543,16093.04695,520070.3612
1,Wed,20:40,172997.507,14671.92224,519005.6609
1,Wed,21:00,177320.0245,13318.99965,524378.1975
1,Wed,21:20,163121.9255,12208.13079,528579.5326
1,Wed,21:40,170051.5741,11127.84254,557962.7378
1,Wed,22:00,196583.3293,9557.774966,554492.1177
1,Wed,22:20,205775.1774,7351.823127,526023.2209
1,Wed,22:40,204679.5087,5492.878399,551585.1756
1,Wed,23:00,202972.0974,4887.341588,567857.1722
1,Wed,23:20,196419.5659,5595.903393,548812.0511
1,Wed,23:40,201114.5295,8296.517867,571330.8241
1,Thu,0:00,214135.55,10798.48553,579217.128
1,Thu,0:20,221277.5833,10134.91083,573583.7095
1,Thu,0:40,244548.6387,10698.60542,604224.923
1,Thu,1:00,267841.2057,12122.62024,655764.1003
1,Thu,1:20,269217.3602,11500.49581,660087.9997
1,Thu,1:40,271506.5016,11211.34521,648821.1818
1,Thu,2:00,272622.6569,11660.53776,640695.2531
1,Thu,2:20,269296.0023,10504.19769,623824.1197
1,Thu,2:40,284711.8102,9624.277933,653790.4278
1,Thu,3:00,297729.4482,9662.682705,696351.6316
1,Thu,3:20,295656.8519,8872.584486,686162.1793
1,Thu,3:40,292124.4527,7401.202615,664960.9983
1,Thu,4:00,294480.8223,5743.999587,654333.3463
1,Thu,4:20,296892.6666,5122.157728,645495.6525
1,Thu,4:40,286996.0155,5918.937331,638951.7193
1,Thu,5:00,276045.7333,6520.166466,630743.9862
1,Thu,5:20,278903.7319,6917.570321,630010.2763
1,Thu,5:40,283428.037,7241.722732,636753.2626
1,Thu,6:00,282548.4539,7290.017009,600787.4901
1,Thu,6:20,286478.9196,8209.658865,549205.8069
1,Thu,6:40,298648.5034,8927.241852,550421.9337
1,Thu,7:00,304411.5021,8001.816511,558822.8141
1,Thu,7:20,295049.7781,7113.484718,542575.3925
1,Thu,7:40,288842.7042,6750.903695,552704.8963
1,Thu,8:00,281441.3643,6313.691805,571111.971
1,Thu,8:20,271788.8787,5664.835773,541546.2582
1,Thu,8:40,277445.6157,5494.840319,498592.3283
1,Thu,9:00,272333.3948,5539.492945,467294.0906
1,Thu,9:20,250143.74,4990.158479,438464.6241
1,Thu,9:40,231922.221,4477.367961,407710.2578
1,Thu,10:00,216298.9531,4448.605731,372283.8568
1,Thu,10:20,205562.6585,4044.880217,342917.524
1,Thu,10:40,199852.6965,3706.854941,315417.5216
1,Thu,11:00,180551.1353,3450.600125,256480.3066
1,Thu,11:20,136642.4826,2036.749366,186413.6269
1,Thu,11:40,114933.9099,1043.460923,173987.876
1,Thu,12:00,106916.029,744.7411665,225251.132
1,Thu,12:20,93528.75353,489.6871107,204523.2471
1,Thu,12:40,87675.27415,389.6339315,196411.2881
1,Thu,13:00,82623.2956,524.5226566,196260.0521
1,Thu,13:20,75845.45144,611.3204156,197509.7265
1,Thu,13:40,72023.42409,489.25867,197028.8351
1,Thu,14:00,69731.78368,352.1790203,189135.0191
1,Thu,14:20,68614.90705,189.0569069,184035.6177
1,Thu,14:40,66882.25583,148.6134871,186895.4717
1,Thu,15:00,64066.77857,326.355655,194991.523
1,Thu,15:20,64649.41937,503.3787198,198384.4356
1,Thu,15:40,67502.98849,353.438477,193671.5273
1,Thu,16:00,70069.66084,305.010173,199601.741
1,Thu,16:20,77088.78738,529.7873662,220484.5936
1,Thu,16:40,87072.71504,842.7964088,244273.0235
1,Thu,17:00,100756.3449,718.5287227,269232.4584
1,Thu,17:20,111950.8161,760.0371114,305228.6419
1,Thu,17:40,121386.1714,1113.316124,345380.3373
1,Thu,18:00,139924.2331,1385.55621,394313.2209
1,Thu,18:20,161384.4598,2235.1896,447678.7898
1,Thu,18:40,184974.6753,4411.499213,478489.7778
1,Thu,19:00,193190.5581,6445.352177,462834.9209
1,Thu,19:20,180724.1159,7091.313215,438293.6651
1,Thu,19:40,177560.1096,8612.093399,466871.3021
1,Thu,20:00,180746.7367,9200.563948,526307.1313
1,Thu,20:20,180813.7862,8967.288162,565220.6106
1,Thu,20:40,177926.4006,10274.5261,572596.0982
1,Thu,21:00,177111.9163,11070.21876,560502.7355
1,Thu,21:20,181303.7746,11086.89727,544804.1233
1,Thu,21:40,191435.6705,10662.88649,544071.8582
1,Thu,22:00,202529.4548,8912.971854,537544.1955
1,Thu,22:20,206469.856,6348.970663,539295.3918
1,Thu,22:40,213231.0804,4519.986564,589382.6467
1,Thu,23:00,217629.6929,4534.0072,599591.0478
1,Thu,23:20,211204.631,5968.082782,559937.0629
1,Thu,23:40,209825.8414,8813.964612,564036.608
1,Fri,0:00,239999.265,9082.965792,567701.529
1,Fri,0:20,237692.6807,10523.85592,554378.7928
1,Fri,0:40,256404.8788,11531.10282,599544.4013
1,Fri,1:00,266832.1175,12349.32457,674703.3849
1,Fri,1:20,276556.5575,11840.10888,692015.8735
1,Fri,1:40,295559.6821,10683.65408,674401.0128
1,Fri,2:00,285850.6248,9150.014733,658051.5056
1,Fri,2:20,262561.0631,8395.354636,655519.7826
1,Fri,2:40,268600.8077,9135.218946,673062.6348
1,Fri,3:00,274815.9493,8595.77292,677891.8058
1,Fri,3:20,255510.6967,6366.946133,630030.3503
1,Fri,3:40,255423.6937,4706.785746,626055.5474
1,Fri,4:00,263470.4894,4533.249259,658355.4168
1,Fri,4:20,249167.0328,4805.141018,610151.0695
1,Fri,4:40,252646.9351,5040.696964,591477.1501
1,Fri,5:00,273217.7194,5386.259546,618072.0073
1,Fri,5:20,275500.7564,5463.903438,608045.5735
1,Fri,5:40,282236.0207,5562.641018,599956.291
1,Fri,6:00,299364.405,5574.128848,587855.585
1,Fri,6:20,317239.4701,5430.22846,552538.5358
1,Fri,6:40,325665.3888,5534.195256,544325.8986
1,Fri,7:00,317292.7805,5492.820279,552755.5714
1,Fri,7:20,311987.1189,4892.835857,538439.4293
1,Fri,7:40,305899.8077,5523.999164,536862.6954
1,Fri,8:00,298607.7076,6913.488623,543665.0158
1,Fri,8:20,289817.9648,6912.190421,522703.9976
1,Fri,8:40,282019.7395,6440.811751,507551.2957
1,Fri,9:00,284974.8493,5775.997134,492525.1777
1,Fri,9:20,275316.6209,5282.369813,449315.5384
1,Fri,9:40,256374.0503,5019.033823,429154.7712
1,Fri,10:00,257070.9127,4266.698896,421580.7088
1,Fri,10:20,254876.5482,3485.490929,396758.8205
1,Fri,10:40,245459.9578,3880.382001,373763.7263
1,Fri,11:00,228855.9452,4904.357895,337559.3175
1,Fri,11:20,202138.9146,4208.792355,284675.0549
1,Fri,11:40,182606.6262,2630.116063,257113.0758
1,Fri,12:00,128349.7905,943.6797857,215614.7073
1,Fri,12:20,127202.0509,698.5588807,225184.5477
1,Fri,12:40,111868.0462,480.9076346,212805.1454
1,Fri,13:00,97434.25485,391.2952998,203370.7135
1,Fri,13:20,93040.88519,441.4224744,194859.2801
1,Fri,13:40,87804.49577,463.2049403,179149.3577
1,Fri,14:00,80946.97861,400.6033301,172769.7321
1,Fri,14:20,77830.06914,349.6342586,181548.7038
1,Fri,14:40,72216.97299,236.4336243,184109.9979
1,Fri,15:00,67721.23515,149.764785,175766.642
1,Fri,15:20,69344.80545,140.1008067,175319.4767
1,Fri,15:40,75865.31836,176.0265591,185482.4407
1,Fri,16:00,87598.72819,272.8023875,198466.1068
1,Fri,16:20,95207.00936,409.4183733,222463.9254
1,Fri,16:40,105714.5878,435.0324479,253194.7707
1,Fri,17:00,131119.0305,444.8411747,273567.3723
1,Fri,17:20,144566.0534,695.1981343,292353.3002
1,Fri,17:40,145502.6079,1268.420464,317347.5688
1,Fri,18:00,164497.6685,2144.069974,368252.8691
1,Fri,18:20,195691.2634,3283.738361,447384.7869
1,Fri,18:40,215420.8566,4562.352884,497527.2411
1,Fri,19:00,206998.1973,5991.120321,484135.2942
1,Fri,19:20,187092.8361,7675.654515,446679.5378
1,Fri,19:40,183924.4554,10959.74834,448618.635
1,Fri,20:00,191194.3768,13457.28434,468266.3445
1,Fri,20:20,192370.0813,11796.14866,458538.7127
1,Fri,20:40,194820.0354,9832.004503,469691.5119
1,Fri,21:00,195509.0038,8787.878716,488544.5096
1,Fri,21:20,182143.3681,7836.563704,484738.5586
1,Fri,21:40,180340.3311,7836.050402,509930.3724
1,Fri,22:00,198954.2533,8006.267229,534094.5434
1,Fri,22:20,218399.5056,7125.821702,530036.1492
1,Fri,22:40,228833.0117,5618.019825,545668.5397
1,Fri,23:00,237959.881,4363.768119,574528.1898
1,Fri,23:20,246105.3057,4131.381158,588329.7916
1,Fri,23:40,247902.0192,6258.477541,584799.5772
1,Sat,0:00,274633.5205,5258.120647,620448.0656
1,Sat,0:20,285242.8295,5524.947854,637321.1962
1,Sat,0:40,273945.1808,5942.934672,631156.5273
1,Sat,1:00,256983.9846,5909.564934,595488.6565
1,Sat,1:20,241356.8793,5390.034696,550316.5948
1,Sat,1:40,256999.142,5490.334401,564359.9227
1,Sat,2:00,292706.5967,5779.061364,610109.92
1,Sat,2:20,293565.3494,5133.144818,623121.3758
1,Sat,2:40,282929.4295,4917.791643,621289.0499
1,Sat,3:00,273655.399,4949.849314,580688.0436
1,Sat,3:20,253660.0446,4488.139695,533612.5712
1,Sat,3:40,253498.8348,5669.103909,573207.2692
1,Sat,4:00,273789.446,7089.676014,628965.2711
1,Sat,4:20,280184.4423,6383.887191,611447.3331
1,Sat,4:40,287894.662,6563.105287,602721.1865
1,Sat,5:00,304639.0523,7045.692353,602680.0884
1,Sat,5:20,313151.3142,6303.032283,577894.5166
1,Sat,5:40,312775.027,6104.861576,568330.1937
1,Sat,6:00,318030.8897,6273.376271,575116.2632
1,Sat,6:20,318277.5286,6666.822561,577871.0276
1,Sat,6:40,296091.7889,7572.58606,572671.0012
1,Sat,7:00,297523.4761,7308.970035,552021.0226
1,Sat,7:20,319977.9176,6659.053224,525184.8748
1,Sat,7:40,324059.2831,5740.336177,510060.4899
1,Sat,8:00,323825.4852,4689.777919,518712.8076
1,Sat,8:20,325354.4401,4826.371353,530121.6511
1,Sat,8:40,319043.2311,5676.600506,516196.7782
1,Sat,9:00,297312.9661,5450.669952,476746.197
1,Sat,9:20,270946.2274,5084.785595,450740.8609
1,Sat,9:40,275609.1765,5772.730317,448795.0667
1,Sat,10:00,278343.9349,5961.153888,431555.0361
1,Sat,10:20,252760.8084,5911.327658,395348.6978
1,Sat,10:40,232373.6395,5336.186432,351734.7905
1,Sat,11:00,213558.115,4505.904698,310652.6429
1,Sat,11:20,195487.4044,3696.558621,278364.5603
1,Sat,11:40,180586.4603,3360.612448,263231.919
1,Sat,12:00,160081.2579,2123.661608,262647.3364
1,Sat,12:20,134583.4683,1647.392366,249582.4525
1,Sat,12:40,111023.2401,1343.555459,229483.524
1,Sat,13:00,99942.09471,1140.804208,215823.5352
1,Sat,13:20,97853.53312,722.3213799,206728.8131
1,Sat,13:40,96394.95105,362.6535039,194732.6692
1,Sat,14:00,80162.84817,202.0837187,174442.3538
1,Sat,14:20,63427.77417,129.3024369,156824.2757
1,Sat,14:40,67047.49974,149.972811,161143.1916
1,Sat,15:00,71725.01469,210.7738003,171764.8623
1,Sat,15:20,67301.85592,176.0245641,173041.6707
1,Sat,15:40,63109.62667,154.5908948,171088.283
1,Sat,16:00,57446.79873,203.0600455,176495.699
1,Sat,16:20,60208.46562,384.7421189,188093.1431
1,Sat,16:40,68280.62818,544.922439,190340.5609
1,Sat,17:00,75162.20058,375.2512826,193184.1058
1,Sat,17:20,81611.71252,280.6677605,205215.9852
1,Sat,17:40,81206.14246,425.3880323,216612.6019
1,Sat,18:00,87384.93102,494.5745768,227182.7643
1,Sat,18:20,100080.5277,500.7397551,253862.659
1,Sat,18:40,110716.6899,625.2020918,287994.6018
1,Sat,19:00,121635.6494,820.5860651,311533.4637
1,Sat,19:20,134511.9652,935.9833233,341131.5043
1,Sat,19:40,146081.6942,1121.342022,380273.3377
1,Sat,20:00,158007.7484,1700.324186,415162.6251
1,Sat,20:20,169938.0081,2599.755573,456329.0756
1,Sat,20:40,181394.1315,3138.92497,491088.0197
1,Sat,21:00,196619.8819,2855.082951,505601.0883
1,Sat,21:20,214562.2465,2346.271226,508055.9493
1,Sat,21:40,231342.1722,2659.891844,515692.4142
1,Sat,22:00,227384.4726,2886.167654,521708.7141
1,Sat,22:20,220207.9907,2664.412707,499675.5961
1,Sat,22:40,240477.606,3398.182705,517075.1975
1,Sat,23:00,255069.3644,4661.250768,560009.0922
1,Sat,23:20,244065.1154,5269.554287,561533.242
1,Sat,23:40,249271.1712,5328.789919,583776.4076
1,Sun,0:00,270532.9033,4133.431089,641381.0755
1,Sun,0:20,275697.0283,4935.059133,638639.5201
1,Sun,0:40,268625.2169,5223.278323,626832.0978
1,Sun,1:00,255659.9743,5210.389182,603128.4212
1,Sun,1:20,249153.6795,5380.906031,585678.1035
1,Sun,1:40,258779.7738,5716.408436,612882.2991
1,Sun,2:00,272025.6148,5775.572919,643110.1309
1,Sun,2:20,276291.539,6127.08275,624936.9783
1,Sun,2:40,279481.6549,6501.525181,638231.6817
1,Sun,3:00,280235.5421,6794.0308,673663.9212
1,Sun,3:20,271887.7415,7396.358081,686317.6432
1,Sun,3:40,268810.1697,7309.003444,694871.3169
1,Sun,4:00,282360.4733,6713.735734,676692.8156
1,Sun,4:20,291644.1475,7022.628587,649563.5113
1,Sun,4:40,282644.9225,7432.757981,631515.7836
1,Sun,5:00,287325.1017,6567.789434,601999.7196
1,Sun,5:20,290716.0151,5822.582464,575051.1509
1,Sun,5:40,301336.0629,6012.371461,582177.8042
1,Sun,6:00,303463.7718,7434.591064,567000.9208
1,Sun,6:20,282372.1804,8406.161703,528436.5984
1,Sun,6:40,289650.1984,7460.774544,533517.6727
1,Sun,7:00,307508.4125,7005.188064,549181.2447
1,Sun,7:20,303034.6839,6922.977466,547451.8173
1,Sun,7:40,293001.1045,6210.249898,541161.1908
1,Sun,8:00,305293.7616,5153.681146,531427.3943
1,Sun,8:20,307240.5558,4851.839517,515337.4185
1,Sun,8:40,287210.7089,5337.274301,506357.947
1,Sun,9:00,264717.7305,5739.361323,499226.7729
1,Sun,9:20,240288.4662,5760.658165,489584.4666
1,Sun,9:40,224730.3362,4968.033924,469489.187
1,Sun,10:00,206736.7796,4188.063858,421581.9939
1,Sun,10:20,177870.2614,3744.751993,358542.8613
1,Sun,10:40,162600.9617,3444.530437,322248.617
1,Sun,11:00,155524.8333,2890.585336,311086.9309
1,Sun,11:20,146759.445,2384.751796,291031.5151
1,Sun,11:40,139834.5276,2051.315668,270843.3279
1,Sun,12:00,157451.4639,3769.866752,264402.853
1,Sun,12:20,140102.0529,3345.932668,251700.665
1,Sun,12:40,133395.0946,2648.492076,251019
1,Sun,13:00,124094.2606,2109.78538,238201.4656
1,Sun,13:20,111814.8405,1082.889776,212785.0975
1,Sun,13:40,102744.0012,500.5991791,195661.9681
1,Sun,14:00,91027.30156,588.4128009,184813.1318
1,Sun,14:20,82329.96506,961.978292,174255.4364
1,Sun,14:40,78912.31304,1272.057291,167686.3766
1,Sun,15:00,79859.95933,1120.923118,164754.0794
1,Sun,15:20,84185.52075,856.8279208,161191.5609
1,Sun,15:40,75770.29878,928.4286716,162114.3705
1,Sun,16:00,58317.55557,779.8153542,162724.0734
1,Sun,16:20,54685.07247,373.7957358,163824.1578
1,Sun,16:40,65251.67783,257.9425046,171720.3506
1,Sun,17:00,75710.48171,447.307111,184149.8725
1,Sun,17:20,78494.2077,514.1914529,199049.6651
1,Sun,17:40,81198.96106,579.782641,216962.5284
1,Sun,18:00,83515.87874,782.3891027,230240.4695
1,Sun,18:20,89427.829,1010.795882,242018.2345
1,Sun,18:40,101142.0519,1261.04539,262226.5635
1,Sun,19:00,117403.9324,1441.046699,292232.2547
1,Sun,19:20,141117.8429,1566.341926,337234.3886
1,Sun,19:40,155001.0984,1600.27062,388415.3737
1,Sun,20:00,153665.3762,1725.650888,407890.6747
1,Sun,20:20,163246.5181,1886.602536,405983.3446
1,Sun,20:40,186198.9164,2480.486752,454231.4946
1,Sun,21:00,190616.9268,3178.769085,510775.0067
1,Sun,21:20,187577.383,3927.151168,538024.7076
1,Sun,21:40,197491.9065,4928.047739,550595.2422
1,Sun,22:00,206107.5359,5072.225501,546117.8413
1,Sun,22:20,215272.389,4851.538184,540014.4259
1,Sun,22:40,236951.0641,4709.76228,558482.998
1,Sun,23:00,248555.2397,4249.767205,586374.1409
1,Sun,23:20,244548.7506,3734.252634,589439.5262
1,Sun,23:40,253262.0347,3630.005807,616122.6552
2,Mon,0:00,40549.63475,7.846619173,21654.21508
2,Mon,0:20,21632.82567,7.846619173,27095.01327
2,Mon,0:40,21132.3235,7.846619173,28524.74091
2,Mon,1:00,42138.24223,7.846619173,17479.36903
2,Mon,1:20,39821.10344,7.846619173,10408.31507
2,Mon,1:40,21210.52969,7.846619173,6235.606238
2,Mon,2:00,49549.80564,7.846619173,4289.92468
2,Mon,2:20,116161.6194,7.846619173,3644.254546
2,Mon,2:40,115667.6274,7.846619173,8470.051327
2,Mon,3:00,47751.56519,7.846619173,17223.79228
2,Mon,3:20,37976.92384,7.846619173,16613.05495
2,Mon,3:40,79825.47742,7.846619173,15986.9078
2,Mon,4:00,54813.14102,7.846619173,23517.17159
2,Mon,4:20,29692.18239,10.90959987,31304.68726
2,Mon,4:40,28690.36244,21.74353276,37231.10347
2,Mon,5:00,27131.41854,38.81119677,54585.0647
2,Mon,5:20,28587.60756,66.41149897,81171.72041
2,Mon,5:40,36265.54224,113.9993009,90864.65728
2,Mon,6:00,43992.39033,244.5994293,95749.54471
2,Mon,6:20,44103.12956,466.0277738,113963.747
2,Mon,6:40,56025.68823,983.4130023,148138.1489
2,Mon,7:00,75080.50255,1864.111095,174246.3622
2,Mon,7:20,78053.21819,3933.652009,167103.1205
2,Mon,7:40,75517.0579,6465.27315,157383.8752
2,Mon,8:00,84939.65443,10836.52924,169894.7917
2,Mon,8:20,108417.6474,10992.77467,183572.8622
2,Mon,8:40,112427.1338,10562.5297,210211.3067
2,Mon,9:00,78734.62744,7588.585979,254549.5334
2,Mon,9:20,72800.35019,5553.091532,312615.1936
2,Mon,9:40,103252.3955,6239.745802,365345.4791
2,Mon,10:00,123338.0157,3611.900112,393997.0863
2,Mon,10:20,116099.4143,2011.192214,424761.6842
2,Mon,10:40,122403.1852,2251.790251,440183.6725
2,Mon,11:00,148017.0457,2985.638531,428752.2119
2,Mon,11:20,154489.8679,3380.646438,423602.1057
2,Mon,11:40,163060.6761,4113.207288,434788.3578
2,Mon,12:00,190616.421,5736.598042,429456.12
2,Mon,12:20,206434.7811,9587.564502,426144.2517
2,Mon,12:40,215795.3479,12268.01817,436788.6052
2,Mon,13:00,197470.4692,11664.92567,443983.522
2,Mon,13:20,153571.8799,9187.738169,428974.0147
2,Mon,13:40,177904.9798,8096.167759,421136.514
2,Mon,14:00,217821.8088,9237.574783,440175.416
2,Mon,14:20,194652.44,11096.04648,449779.0242
2,Mon,14:40,172885.6758,14300.41002,433021.7715
2,Mon,15:00,181523.2463,14384.90462,412512.6722
2,Mon,15:20,184898.9713,15664.98297,443018.7189
2,Mon,15:40,165865.8289,21449.48904,502904.9972
2,Mon,16:00,152057.5204,27494.12973,469537.5149
2,Mon,16:20,151607.5904,26510.97428,366300.7208
2,Mon,16:40,140178.6767,16546.53195,309983.8277
2,Mon,17:00,119557.2846,8046.847234,269319.6063
2,Mon,17:20,115246.9739,4320.589585,241461.3061
2,Mon,17:40,156103.1966,5498.108785,265452.8631
2,Mon,18:00,199527.007,7590.324926,286813.9984
2,Mon,18:20,176676.8689,10057.11497,267893.4451
2,Mon,18:40,137590.2478,12070.72672,228425.2449
2,Mon,19:00,113859.2914,9086.959885,179575.3024
2,Mon,19:20,91876.79321,3259.122844,127240.9033
2,Mon,19:40,67181.57786,1064.4714,114446.0458
2,Mon,20:00,57042.43165,457.7584809,113579.2315
2,Mon,20:20,57963.86806,360.0889775,93603.13821
2,Mon,20:40,70022.0384,287.5610336,77935.95137
2,Mon,21:00,82757.26928,177.4217999,71606.57204
2,Mon,21:20,76920.86757,245.3411456,70582.75337
2,Mon,21:40,49447.84012,541.4967907,60204.08792
2,Mon,22:00,36912.77455,386.9075134,48363.04983
2,Mon,22:20,71119.22537,210.7238715,49604.25971
2,Mon,22:40,127055.2578,153.2328435,69596.09297
2,Mon,23:00,115773.6258,118.9577492,81292.40934
2,Mon,23:20,64476.50594,92.31196606,85293.01334
2,Mon,23:40,39936.31173,38.90905434,86959.38701
2,Tue,0:00,26091.70499,20.77392648,56670.66181
2,Tue,0:20,18476.95176,25.58033234,41426.74516
2,Tue,0:40,7751.373777,27.45908085,40173.34435
2,Tue,1:00,4781.584084,27.45908085,54464.57116
2,Tue,1:20,8700.834038,27.45908085,65907.37772
2,Tue,1:40,18793.43851,27.45908085,70593.07277
2,Tue,2:00,20480.39658,27.45908085,73942.91052
2,Tue,2:20,19847.9381,27.45908085,55158.38327
2,Tue,2:40,28096.38799,43.93452936,33362.74066
2,Tue,3:00,24139.20509,93.3608749,41013.46109
2,Tue,3:20,27213.44293,93.3608749,53439.54717
2,Tue,3:40,38327.18911,43.93452936,45790.29309
2,Tue,4:00,33568.30595,27.45908085,41173.91078
2,Tue,4:20,37322.76875,43.93452936,47038.52197
2,Tue,4:40,64092.89257,93.3608749,57928.68176
2,Tue,5:00,81996.50111,175.7381175,68794.51622
2,Tue,5:20,62278.48454,291.7333389,74913.43826
2,Tue,5:40,44954.69605,159.4859183,77877.5856
2,Tue,6:00,44001.40324,295.6381536,92690.76408
2,Tue,6:20,45601.51069,794.7926767,119277.5556
2,Tue,6:40,44372.86782,1704.722498,127836.1939
2,Tue,7:00,44346.22539,3318.086279,122198.7218
2,Tue,7:20,63065.90365,6818.889994,135969.4255
2,Tue,7:40,88474.11993,10537.27541,175134.7057
2,Tue,8:00,91548.14337,14536.77959,210767.3392
2,Tue,8:20,79147.25298,17174.76309,225745.3393
2,Tue,8:40,69541.95742,15487.774,239155.0824
2,Tue,9:00,70961.92498,14087.00321,238047.9945
2,Tue,9:20,77561.51134,11763.93407,254833.081
2,Tue,9:40,103569.3375,9758.730536,327023.9673
2,Tue,10:00,137731.1109,8997.527411,374388.295
2,Tue,10:20,149009.5489,8996.412152,372724.3241
2,Tue,10:40,170368.5767,11362.74514,395899.2171
2,Tue,11:00,198554.9275,12512.94541,404589.2041
2,Tue,11:20,226955.8562,16153.8834,418227.6919
2,Tue,11:40,245415.034,15733.66607,476054.2981
2,Tue,12:00,199773.8343,10009.52638,476492.7368
2,Tue,12:20,147449.4519,8805.541365,411055.0366
2,Tue,12:40,157422.9262,10853.17267,389482.6335
2,Tue,13:00,174300.3781,11884.67909,435247.9752
2,Tue,13:20,166405.0669,10205.16752,445447.714
2,Tue,13:40,177153.8533,5965.91764,403918.3863
2,Tue,14:00,200662.0487,3488.945328,376411.8504
2,Tue,14:20,208730.2743,2945.874217,366958.0671
2,Tue,14:40,192196.5397,3591.161841,376092.6752
2,Tue,15:00,196399.2788,4729.859965,395009.247
2,Tue,15:20,197843.3625,5171.76919,414486.2573
2,Tue,15:40,182579.715,4821.433237,433080.3212
2,Tue,16:00,182317.4731,5609.682494,442555.1652
2,Tue,16:20,194300.9008,6889.419403,430060.4828
2,Tue,16:40,177432.3391,5679.342716,383162.4929
2,Tue,17:00,153678.2792,5242.868454,330640.1011
2,Tue,17:20,168895.7556,5958.908494,308294.0827
2,Tue,17:40,210933.0044,5836.673375,306154.9606
2,Tue,18:00,203019.9712,4413.062184,285348.0821
2,Tue,18:20,153412.6469,3211.929854,238806.2623
2,Tue,18:40,99468.51708,1512.981886,179447.3308
2,Tue,19:00,79831.2532,1017.134942,136506.7818
2,Tue,19:20,84143.1781,1318.177707,114877.4924
2,Tue,19:40,71048.54679,780.7165122,99486.33133
2,Tue,20:00,60424.92079,1257.17259,82665.19904
2,Tue,20:20,70213.49225,3628.197524,61893.76376
2,Tue,20:40,79330.24189,6474.883252,43685.81697
2,Tue,21:00,68291.79784,6299.876173,43680.01028
2,Tue,21:20,60914.62728,3253.689175,54118.95468
2,Tue,21:40,71791.50694,1689.834053,56782.40585
2,Tue,22:00,69773.71118,739.3235118,58696.3611
2,Tue,22:20,47122.04224,219.8512801,58334.6239
2,Tue,22:40,49381.52571,166.2818967,52021.80557
2,Tue,23:00,57980.0789,51.90792557,42669.78322
2,Tue,23:20,48970.89101,1.478748467,27287.46865
2,Tue,23:40,48207.98764,1.478748467,19785.06153
2,Wed,0:00,47384.2644,2.587809817,31409.71587
2,Wed,0:20,39932.35962,1.478748467,34290.94267
2,Wed,0:40,26183.63897,0.924217792,16726.3823
2,Wed,1:00,7028.841896,0.924217792,6125.449697
2,Wed,1:20,4653.992767,0.924217792,11451.61742
2,Wed,1:40,17076.10073,1.478748467,18370.51216
2,Wed,2:00,29225.08836,3.142340492,19272.38546
2,Wed,2:20,33869.36094,5.914993866,13522.9634
2,Wed,2:40,29995.3788,9.796708591,13737.43196
2,Wed,3:00,30073.30246,3.696871167,25597.59388
2,Wed,3:20,26753.25261,3.696871167,31717.75322
2,Wed,3:40,28967.22809,20.88732209,33223.53502
2,Wed,4:00,53686.14677,50.27744786,37929.74805
2,Wed,4:20,59882.25267,94.63990186,40611.48278
2,Wed,4:40,52416.30498,201.1097915,47121.93734
2,Wed,5:00,42484.97414,283.8545319,57237.56
2,Wed,5:20,42570.7754,520.3239393,67771.94769
2,Wed,5:40,53990.44494,1040.713052,91912.82471
2,Wed,6:00,55496.18621,1794.864737,106868.7395
2,Wed,6:20,62146.21395,2463.094298,102661.64
2,Wed,6:40,75799.32132,4371.633378,111682.4483
2,Wed,7:00,62387.88265,8377.643486,142435.4745
2,Wed,7:20,56548.45845,9364.310342,156427.2473
2,Wed,7:40,69507.64263,6611.303404,139849.9997
2,Wed,8:00,83677.75939,3957.561844,128869.3233
2,Wed,8:20,89023.12722,4666.615297,160863.6835
2,Wed,8:40,80229.96962,6744.437115,231425.7019
2,Wed,9:00,85752.6791,5128.92844,293649.682
2,Wed,9:20,113489.5366,3445.834415,347798.9974
2,Wed,9:40,150897.3311,1962.318329,381772.1289
2,Wed,10:00,165541.2718,1702.839358,360747.9204
2,Wed,10:20,144708.0186,1882.332066,341681.9139
2,Wed,10:40,127227.6389,2973.222331,396638.0267
2,Wed,11:00,142759.7312,5609.653375,413140.0727
2,Wed,11:20,157368.2387,7068.401901,374507.2745
2,Wed,11:40,165309.8621,5686.540172,386518.744
2,Wed,12:00,155828.7569,3840.444529,365347.7958
2,Wed,12:20,141713.9402,7015.317271,327668.2278
2,Wed,12:40,165905.5582,15313.26924,372427.4457
2,Wed,13:00,172838.2279,15173.91664,422512.9808
2,Wed,13:20,149020.6499,7893.762975,423678.9352
2,Wed,13:40,132656.2995,6271.848287,415682.9301
2,Wed,14:00,150185.7876,6820.52832,415400.3406
2,Wed,14:20,190222.5731,4664.512216,443277.5593
2,Wed,14:40,223115.43,4311.593212,441750.4704
2,Wed,15:00,214606.5381,6499.266332,420529.7785
2,Wed,15:20,190389.1806,10281.35387,436725.0231
2,Wed,15:40,186272.5832,8240.086329,449963.2914
2,Wed,16:00,203343.7064,3860.431069,442581.0901
2,Wed,16:20,202436.1338,2899.798375,408264.2209
2,Wed,16:40,192405.6176,2215.590971,366281.2273
2,Wed,17:00,195462.0551,1957.372824,339728.3566
2,Wed,17:20,173256.9214,1670.789908,299009.5459
2,Wed,17:40,136280.7542,1907.863041,267849.4062
2,Wed,18:00,111930.1311,3297.090966,251744.5568
2,Wed,18:20,105543.8218,3627.093124,215859.4543
2,Wed,18:40,115447.5083,2043.505915,167655.6316
2,Wed,19:00,116979.0626,1177.158267,147485.4376
2,Wed,19:20,96201.71188,1239.487731,144758.8896
2,Wed,19:40,90898.39239,648.7861928,127204.5045
2,Wed,20:00,90496.98006,243.5108409,108140.5575
2,Wed,20:20,68207.5557,245.0162831,94970.66368
2,Wed,20:40,57354.3635,131.7900719,86573.54049
2,Wed,21:00,54307.20899,70.45586453,68343.7164
2,Wed,21:20,57435.22908,84.37652905,55741.64205
2,Wed,21:40,83955.16408,119.9440064,53618.77246
2,Wed,22:00,86406.51919,74.88237709,57492.36456
2,Wed,22:20,66483.09143,23.23832182,49136.81606
2,Wed,22:40,67994.77901,24.95648994,40545.93831
2,Wed,23:00,59865.46613,44.22386411,34307.65928
2,Wed,23:20,79737.2109,23.81242147,29395.55776
2,Wed,23:40,97628.62771,16.36978015,29553.08247
2,Thu,0:00,46347.60132,32.14984736,33002.04526
2,Thu,0:20,28701.95675,32.14984736,35945.63862
2,Thu,0:40,16949.21567,15.12933993,38083.28965
2,Thu,1:00,8463.434894,10.66943285,46095.85384
2,Thu,1:20,3628.051087,14.31021902,46017.43489
2,Thu,1:40,2965.040464,15.52381441,27014.2316
2,Thu,2:00,5164.917032,15.52381441,25364.6993
2,Thu,2:20,8810.278831,15.52381441,33097.27902
2,Thu,2:40,4399.871519,15.52381441,31291.62404
2,Thu,3:00,2702.901865,15.52381441,32713.87716
2,Thu,3:20,4834.739514,15.52381441,32215.29983
2,Thu,3:40,6050.990673,15.52381441,26323.50901
2,Thu,4:00,6330.933211,24.11540621,33919.17427
2,Thu,4:20,14805.15829,43.68152447,45513.23345
2,Thu,4:40,28736.70369,32.23263378,49956.83802
2,Thu,5:00,38473.83299,39.65804715,55532.28883
2,Thu,5:20,36630.21275,116.7109757,65568.21039
2,Thu,5:40,37696.83448,250.1102069,76086.97644
2,Thu,6:00,44995.9708,497.3365754,84690.32141
2,Thu,6:20,48985.48023,739.159337,102372.4947
2,Thu,6:40,56577.50886,816.6597361,120219.7244
2,Thu,7:00,60296.94829,1917.67167,124155.8607
2,Thu,7:20,71306.75819,4044.323131,125901.5497
2,Thu,7:40,102105.6742,7553.627922,129974.9663
2,Thu,8:00,137233.8132,10890.33024,153602.4374
2,Thu,8:20,138551.0818,10884.30568,218501.5362
2,Thu,8:40,104126.0346,11477.90648,272269.2345
2,Thu,9:00,83885.89001,10536.60828,278109.4864
2,Thu,9:20,101742.5381,7825.44181,311714.7812
2,Thu,9:40,146095.7348,4889.926225,361817.9227
2,Thu,10:00,156255.6264,2371.007866,396460.9283
2,Thu,10:20,134710.1463,1218.890293,421036.3105
2,Thu,10:40,147521.0111,2737.085685,436102.6383
2,Thu,11:00,176593.4095,6662.549456,433508.088
2,Thu,11:20,180320.684,7692.843185,425631.338
2,Thu,11:40,165489.0476,5767.894471,419596.4714
2,Thu,12:00,171840.27,3996.473206,418903.1919
2,Thu,12:20,194387.97,5805.192498,408282.7387
2,Thu,12:40,199865.8547,10982.83938,431684.2161
2,Thu,13:00,211073.6736,13299.37259,472429.843
2,Thu,13:20,204915.9552,9267.170203,472985.6604
2,Thu,13:40,172129.0322,6014.3476,463228.3411
2,Thu,14:00,165759.9499,9226.863601,446919.5303
2,Thu,14:20,197352.322,12961.53873,414071.9771
2,Thu,14:40,255445.1116,12784.54286,414043.6905
2,Thu,15:00,279298.4773,10559.17814,454895.7699
2,Thu,15:20,246435.4807,9768.851969,478498.3254
2,Thu,15:40,199292.6128,12314.82577,437035.3198
2,Thu,16:00,162848.5295,11663.57627,394635.9779
2,Thu,16:20,162326.8447,7836.222249,386361.6407
2,Thu,16:40,192289.5841,6632.419664,362852.4329
2,Thu,17:00,203985.8592,6308.853902,346211.0561
2,Thu,17:20,169690.5139,4380.062211,320946.6107
2,Thu,17:40,146679.6575,3309.593475,302424.8049
2,Thu,18:00,154811.7586,3833.621508,287653.6631
2,Thu,18:20,138212.9796,3148.689813,230061.3335
2,Thu,18:40,104342.8247,1410.113793,168220.8201
2,Thu,19:00,85179.35184,489.7047856,149974.0482
2,Thu,19:20,85834.45109,419.4064121,153876.9457
2,Thu,19:40,97019.46681,1262.86142,126524.283
2,Thu,20:00,91161.82615,2924.483439,87593.91639
2,Thu,20:20,98369.18661,3013.208307,73959.47292
2,Thu,20:40,99430.63451,1681.413472,86174.34374
2,Thu,21:00,62075.52458,3646.327725,84853.60794
2,Thu,21:20,48551.20405,8704.687422,63929.4929
2,Thu,21:40,70907.38967,3695.889901,60934.26469
2,Thu,22:00,71134.05399,985.5449956,70124.91055
2,Thu,22:20,70273.73264,430.161274,75419.73513
2,Thu,22:40,84579.35069,281.3599096,69646.82038
2,Thu,23:00,62326.38154,249.3480109,60544.84381
2,Thu,23:20,18635.35855,336.2450079,65528.86574
2,Thu,23:40,16353.44834,718.0982581,83731.24192
2,Fri,0:00,46057.08632,459.4270154,100327.5629
2,Fri,0:20,42618.81482,899.3597951,69117.48728
2,Fri,0:40,49997.82365,1798.71959,41764.19285
2,Fri,1:00,45320.61407,3310.043983,34891.08937
2,Fri,1:20,16719.49156,2447.858391,28261.08147
2,Fri,1:40,7890.973701,1565.670487,33182.16857
2,Fri,2:00,12167.43132,455.8122118,40553.90997
2,Fri,2:20,18526.02001,371.0232254,39494.98849
2,Fri,2:40,32518.96271,1431.390271,40651.38123
2,Fri,3:00,32596.83745,2331.181235,43024.71066
2,Fri,3:20,28124.00854,2028.845573,38273.98745
2,Fri,3:40,38445.85838,634.0142415,41164.81952
2,Fri,4:00,27616.61685,507.2113932,50205.80402
2,Fri,4:20,16906.82146,507.5127383,50204.47981
2,Fri,4:40,30230.25789,179.7850762,56475.74641
2,Fri,5:00,52268.26715,183.5081638,72465.21194
2,Fri,5:20,63832.9307,341.3076854,74112.11383
2,Fri,5:40,66246.07383,860.2233234,68711.64044
2,Fri,6:00,67471.00079,861.595223,78790.3333
2,Fri,6:20,68784.33982,811.3942482,99520.04869
2,Fri,6:40,78546.90777,2415.742393,125851.5599
2,Fri,7:00,75803.02825,3951.302109,144670.2852
2,Fri,7:20,71017.35131,5136.399687,145662.0154
2,Fri,7:40,87928.91034,7615.296917,149789.3031
2,Fri,8:00,87331.05423,8363.273644,174174.9333
2,Fri,8:20,78613.03306,4321.898105,193527.3368
2,Fri,8:40,88839.77027,5156.259174,218705.5573
2,Fri,9:00,107703.893,6070.690928,253478.9963
2,Fri,9:20,121287.031,4219.359853,291076.5409
2,Fri,9:40,137650.6759,4271.873731,367336.0255
2,Fri,10:00,155074.3487,5679.495372,449556.3652
2,Fri,10:20,157451.5169,5729.717052,461219.8699
2,Fri,10:40,156619.0132,4540.008797,451916.7957
2,Fri,11:00,179434.4435,4930.142309,484016.9036
2,Fri,11:20,223594.7006,6560.653968,471910.3743
2,Fri,11:40,242894.7564,8047.581382,420884.5067
2,Fri,12:00,233108.6954,10737.28224,415997.2183
2,Fri,12:20,217432.4446,12295.52396,419078.2702
2,Fri,12:40,213543.2531,9050.358793,432274.2718
2,Fri,13:00,234904.5209,7120.566206,444907.8516
2,Fri,13:20,257271.8288,9608.677702,423947.3797
2,Fri,13:40,270742.9509,11293.98622,443486.746
2,Fri,14:00,280324.4132,8799.628382,475405.4373
2,Fri,14:20,274406.4417,6853.180436,491906.1223
2,Fri,14:40,239756.5155,9791.488829,491831.3844
2,Fri,15:00,217516.5943,12998.19437,451390.6416
2,Fri,15:20,211245.5729,12635.67904,405605.4909
2,Fri,15:40,185913.8696,9768.918627,378155.9555
2,Fri,16:00,182166.6648,11045.80955,389720.6801
2,Fri,16:20,186537.1172,13553.56058,386059.5699
2,Fri,16:40,188716.3143,10376.61308,347525.2681
2,Fri,17:00,197275.6033,7038.356867,305074.9528
2,Fri,17:20,199272.6372,5315.486734,287734.4406
2,Fri,17:40,199034.7376,4694.594203,274425.1155
2,Fri,18:00,199329.6962,3917.767386,246499.0614
2,Fri,18:20,182430.587,2094.127917,245266.5636
2,Fri,18:40,149381.8471,1421.200784,213051.5643
2,Fri,19:00,124146.2142,1373.650312,150005.8356
2,Fri,19:20,107833.1993,1288.490009,98592.4058
2,Fri,19:40,81409.24938,807.6189847,79859.72556
2,Fri,20:00,60263.29279,465.5280943,87183.02406
2,Fri,20:20,51988.67621,353.7182989,91099.37877
2,Fri,20:40,43431.1495,340.5225206,97045.85825
2,Fri,21:00,38578.0039,361.736764,111812.096
2,Fri,21:20,59914.53132,331.4640389,114662.6032
2,Fri,21:40,119008.3268,224.8816417,88628.43519
2,Fri,22:00,182828.2105,391.9385372,81980.08164
2,Fri,22:20,201721.9754,1153.723202,93805.82868
2,Fri,22:40,137438.8583,2117.764267,91775.2929
2,Fri,23:00,113802.8819,4372.029157,76184.64571
2,Fri,23:20,118020.2778,8324.520027,61936.84386
2,Fri,23:40,101284.8466,17488.11663,54239.84251
2,Sat,0:00,46973.4295,17621.46264,50090.63415
2,Sat,0:20,27886.53431,4869.693279,61722.43828
2,Sat,0:40,27815.00877,292.7355588,80238.77007
2,Sat,1:00,28494.12697,114.3987351,76291.06062
2,Sat,1:20,46774.36037,41.96315441,60369.21959
2,Sat,1:40,66352.87526,20.93735215,41336.14297
2,Sat,2:00,57484.9257,11.47666033,28131.11453
2,Sat,2:20,52192.38725,9.637592039,25454.83684
2,Sat,2:40,47998.27594,9.637592039,30788.75496
2,Sat,3:00,31515.67322,9.637592039,35492.88713
2,Sat,3:20,24667.40924,9.637592039,30782.5976
2,Sat,3:40,27094.83698,15.42014726,24674.58618
2,Sat,4:00,53314.16345,32.76781293,18377.59333
2,Sat,4:20,68412.38759,38.55036816,20231.30134
2,Sat,4:40,40179.02632,32.76781293,31718.14498
2,Sat,5:00,32273.41487,15.42014726,43355.77391
2,Sat,5:20,39460.16223,9.391824057,44215.58176
2,Sat,5:40,51489.71997,8.654520113,47298.07367
2,Sat,6:00,65205.83327,14.43707534,51425.9996
2,Sat,6:20,77976.61626,32.52204495,47883.23495
2,Sat,6:40,81102.42888,61.68058905,52755.26583
2,Sat,7:00,64273.70671,131.0712517,65880.20988
2,Sat,7:20,52796.05516,138.7887103,78031.2534
2,Sat,7:40,75302.79939,116.6995781,80449.18269
2,Sat,8:00,112953.2326,257.5187713,90120.37845
2,Sat,8:20,99892.79097,567.9669693,127121.0011
2,Sat,8:40,87884.20448,883.2269488,175392.4061
2,Sat,9:00,103454.6207,1285.080471,209850.8812
2,Sat,9:20,121897.2179,1360.619278,253300.7308
2,Sat,9:40,132761.5739,2044.527111,299873.4472
2,Sat,10:00,153001.5144,4378.65343,308522.384
2,Sat,10:20,180155.9112,4970.936236,328026.8767
2,Sat,10:40,187481.531,3090.677407,386874.4539
2,Sat,11:00,201277.137,1693.395509,495730.067
2,Sat,11:20,234613.6905,2264.124969,584952.9705
2,Sat,11:40,266811.7687,5325.302185,581336.3695
2,Sat,12:00,296243.4362,7933.381934,575415.4337
2,Sat,12:20,314734.5302,7464.181768,575763.8659
2,Sat,12:40,296333.8474,6684.006348,555872.3974
2,Sat,13:00,295135.1399,4553.141581,521198.1851
2,Sat,13:20,299242.6665,4905.945386,447902.5467
2,Sat,13:40,277584.2306,9241.757509,434248.7478
2,Sat,14:00,269473.3838,12331.77197,486123.0023
2,Sat,14:20,262140.2859,10033.83923,508303.591
2,Sat,14:40,236177.1207,4573.221893,513509.1742
2,Sat,15:00,216870.3646,3410.273137,472684.5012
2,Sat,15:20,206450.0058,4046.079044,385161.2767
2,Sat,15:40,225092.7918,4020.163145,332119.8071
2,Sat,16:00,236911.4095,3927.050196,289787.3773
2,Sat,16:20,187330.3927,2437.921113,258445.0736
2,Sat,16:40,156679.8908,3282.833049,255930.8395
2,Sat,17:00,166308.7805,8548.156035,242392.4187
2,Sat,17:20,162346.5827,10013.56167,226305.3459
2,Sat,17:40,132779.0547,6603.289742,207712.58
2,Sat,18:00,124587.466,4002.71842,183891.0026
2,Sat,18:20,121299.6862,3485.588165,169236.6082
2,Sat,18:40,116854.6988,4811.186425,154259.0066
2,Sat,19:00,111592.3972,6526.962032,132515.8865
2,Sat,19:20,100168.8775,4481.841799,118431.3447
2,Sat,19:40,98317.36357,2280.249307,102109.0531
2,Sat,20:00,91257.53759,1634.269665,86558.25263
2,Sat,20:20,85590.84784,774.5660206,89209.5586
2,Sat,20:40,79035.39049,920.7208879,89531.99355
2,Sat,21:00,69136.92064,878.4952294,70784.48541
2,Sat,21:20,55811.66289,286.7020873,53192.99557
2,Sat,21:40,62623.68666,1042.363853,47422.89526
2,Sat,22:00,85411.73872,3550.486839,43664.43226
2,Sat,22:20,63939.08894,3798.372587,50771.09119
2,Sat,22:40,56891.68144,2084.000483,50078.26911
2,Sat,23:00,105388.8095,1258.098149,40351.21373
2,Sat,23:20,142412.1667,447.1891072,41629.31241
2,Sat,23:40,123734.2966,125.1593531,44592.1297
2,Sun,0:00,94896.08496,229.3375377,53750.48275
2,Sun,0:20,90945.91045,83.49338366,52376.16303
2,Sun,0:40,74709.17142,8.357867143,45807.63323
2,Sun,1:00,66994.37496,3.93311395,45419.03068
2,Sun,1:20,69503.22156,2.458196219,39559.63204
2,Sun,1:40,62027.03438,2.458196219,39101.17814
2,Sun,2:00,68499.041,2.458196219,32849.88217
2,Sun,2:20,102381.0932,2.458196219,23114.17148
2,Sun,2:40,118886.9687,2.458196219,29207.92375
2,Sun,3:00,59740.59155,2.458196219,33682.48977
2,Sun,3:20,16599.23174,2.458196219,32820.55707
2,Sun,3:40,39047.09042,2.458196219,23246.01391
2,Sun,4:00,85914.42912,2.458196219,18224.02553
2,Sun,4:20,78712.03361,2.458196219,22107.84225
2,Sun,4:40,66980.15712,3.93311395,16927.57094
2,Sun,5:00,72558.93267,8.357867143,14832.23017
2,Sun,5:20,53358.58082,11.29346035,26934.17773
2,Sun,5:40,40318.76603,16.26218027,36856.23482
2,Sun,6:00,48713.7734,29.17794007,35878.9797
2,Sun,6:20,60117.41884,61.1964191,39317.31372
2,Sun,6:40,58402.66734,65.23432719,63201.04361
2,Sun,7:00,51280.85126,29.48884831,80858.12593
2,Sun,7:20,58664.6483,68.26886378,87310.22608
2,Sun,7:40,64241.34997,232.0882588,98915.08377
2,Sun,8:00,67298.29169,466.8470411,106527.6109
2,Sun,8:20,58708.41724,785.0418657,116471.0774
2,Sun,8:40,49990.69788,664.605397,138898.9571
2,Sun,9:00,78452.73402,1477.224429,163273.575
2,Sun,9:20,118114.1997,2949.34719,200517.6255
2,Sun,9:40,133997.5532,3618.455857,262431.1184
2,Sun,10:00,132191.4426,3366.852693,296000.9242
2,Sun,10:20,121737.4292,3182.926798,297524.4749
2,Sun,10:40,140789.1387,4299.878156,375672.1621
2,Sun,11:00,181647.8186,4841.565388,478020.6331
2,Sun,11:20,213642.217,4436.05706,495432.0685
2,Sun,11:40,247511.3575,5865.16612,479942.9628
2,Sun,12:00,268285.1692,5973.853119,511819.8053
2,Sun,12:20,260988.7423,4052.560151,589045.4895
2,Sun,12:40,248941.3247,5715.259414,625468.9201
2,Sun,13:00,238204.8812,7428.426155,593890.2808
2,Sun,13:20,227861.8372,5728.268307,562417.0717
2,Sun,13:40,226972.1225,6041.783991,592037.0642
2,Sun,14:00,227232.0655,7922.484159,609584.4754
2,Sun,14:20,231838.6979,9725.386617,541359.0106
2,Sun,14:40,236885.7678,10675.92456,481832.819
2,Sun,15:00,247663.5657,10561.87644,476570.9628
2,Sun,15:20,240859.5904,8747.242784,478948.151
2,Sun,15:40,216904.467,6811.380273,478805.9692
2,Sun,16:00,201900.6551,5251.406824,433244.7781
2,Sun,16:20,193973.6886,4982.073635,364494.0868
2,Sun,16:40,185504.9579,4934.104719,345473.4415
2,Sun,17:00,173463.5143,7745.965545,333465.9551
2,Sun,17:20,146371.5514,13099.51084,305057.7887
2,Sun,17:40,123884.1675,10108.67147,268451.5424
2,Sun,18:00,120857.2575,13713.26892,220806.5498
2,Sun,18:20,121757.7721,22498.38958,174099.8061
2,Sun,18:40,117088.486,13646.90717,146385.2181
2,Sun,19:00,100298.2362,5324.091046,124999.9371
2,Sun,19:20,86383.51406,3239.995658,106584.7304
2,Sun,19:40,83101.10601,1427.784634,93154.03712
2,Sun,20:00,78336.25141,567.5408824,75770.07798
2,Sun,20:20,66691.15957,1143.860432,70035.21661
2,Sun,20:40,58378.05355,2861.492106,64160.74552
2,Sun,21:00,77241.36038,2324.340863,52424.98979
2,Sun,21:20,89156.6032,888.3205538,48698.46591
2,Sun,21:40,56329.44426,218.9045768,52560.24687
2,Sun,22:00,44347.92692,41.25713852,50904.11798
2,Sun,22:20,81053.39215,26.67850519,44767.03544
2,Sun,22:40,100572.7135,26.67850519,33216.69153
2,Sun,23:00,55243.10757,12.55459068,24259.21796
2,Sun,23:20,22771.0892,7.846619173,26059.51958
2,Sun,23:40,24506.29275,7.846619173,30167.04235
3,Mon,0:00,74276.20974,222.8334498,84106.02092
3,Mon,0:20,69156.04945,184.5680605,81296.83961
3,Mon,0:40,57360.8739,168.720653,79818.3275
3,Mon,1:00,53444.83794,97.60285594,78288.60706
3,Mon,1:20,58661.113,36.37676328,80858.20271
3,Mon,1:40,64723.3228,40.93790015,80606.84755
3,Mon,2:00,60262.029,108.6725176,73180.94885
3,Mon,2:20,48712.14403,135.5757685,68238.35741
3,Mon,2:40,41594.29579,119.2448304,67500.21244
3,Mon,3:00,37446.62497,95.09076124,71267.80728
3,Mon,3:20,32476.90879,74.67055404,77563.83636
3,Mon,3:40,32848.25001,89.89412331,85386.01412
3,Mon,4:00,40068.55602,155.1778021,96429.69444
3,Mon,4:20,51499.44058,260.2474504,106038.4919
3,Mon,4:40,66607.55347,279.7308721,122469.4447
3,Mon,5:00,84154.58653,371.5214329,157286.8123
3,Mon,5:20,101742.7916,796.8551953,207037.1114
3,Mon,5:40,114578.0922,1401.817889,260108.584
3,Mon,6:00,124519.2873,2208.740556,307059.4057
3,Mon,6:20,138763.2467,2576.753677,369871.9867
3,Mon,6:40,154972.8092,4774.31981,457901.8925
3,Mon,7:00,160566.4313,8384.421765,531548.6571
3,Mon,7:20,166933.9356,10962.81027,567544.6341
3,Mon,7:40,188047.1316,12408.3037,602148.4774
3,Mon,8:00,199560.1017,12518.36975,643609.2361
3,Mon,8:20,197328.8829,12106.89347,671856.4921
3,Mon,8:40,207640.2689,11292.41171,697753.1048
3,Mon,9:00,216135.3771,9679.895685,716332.1851
3,Mon,9:20,205863.9776,8835.928187,720549.9013
3,Mon,9:40,205450.5339,8313.833633,755343.3072
3,Mon,10:00,233466.7392,7132.688298,815469.1159
3,Mon,10:20,272641.4327,6010.612189,852588.1925
3,Mon,10:40,296371.1909,5895.518922,880764.7437
3,Mon,11:00,292228.7352,6677.975218,895202.1172
3,Mon,11:20,276627.3774,7208.005489,874517.1566
3,Mon,11:40,265335.0885,8150.629644,862885.3633
3,Mon,12:00,262517.5986,9081.470968,857533.4175
3,Mon,12:20,261112.2581,8753.985375,825803.607
3,Mon,12:40,253476.6652,9018.487806,809153.8578
3,Mon,13:00,245262.2063,9563.452349,783839.314
3,Mon,13:20,236490.5535,9297.789581,743040.2059
3,Mon,13:40,247422.9381,9419.598863,776775.2097
3,Mon,14:00,264385.3984,9298.140296,831450.4272
3,Mon,14:20,256237.5726,7935.949469,825225.8606
3,Mon,14:40,238390.9269,6153.164777,784121.714
3,Mon,15:00,225274.8088,5805.171165,718774.1082
3,Mon,15:20,220519.111,6667.147783,655337.8834
3,Mon,15:40,210836.9031,7112.084494,606750.761
3,Mon,16:00,193155.6567,5788.528831,553411.8988
3,Mon,16:20,179348.9703,3855.823251,497799.3388
3,Mon,16:40,169103.5599,3317.895308,448548.1344
3,Mon,17:00,159394.9053,3248.191593,395776.6586
3,Mon,17:20,155676.0502,2662.902331,336958.5246
3,Mon,17:40,155092.9041,2257.133336,308770.5089
3,Mon,18:00,137287.1984,2223.964187,299144.6775
3,Mon,18:20,117119.4992,2299.088852,275383.2302
3,Mon,18:40,112985.2868,2213.87731,257448.0717
3,Mon,19:00,120899.8149,2469.801187,256977.8807
3,Mon,19:20,122225.9982,3099.882701,249095.8891
3,Mon,19:40,117389.3971,3613.951922,234609.4158
3,Mon,20:00,116556.8147,3594.856706,220617.4952
3,Mon,20:20,108685.861,2940.703336,202672.0816
3,Mon,20:40,106934.3104,2070.03778,191070.3998
3,Mon,21:00,98612.76743,951.6610421,182660.0182
3,Mon,21:20,84313.84842,565.3140836,171917.3308
3,Mon,21:40,81941.62769,682.6585703,159594.0148
3,Mon,22:00,76707.41817,686.9284138,143067.079
3,Mon,22:20,71526.01356,456.5354117,128063.7079
3,Mon,22:40,67417.88733,364.5192187,125405.0697
3,Mon,23:00,64239.46953,394.024028,120777.9549
3,Mon,23:20,67701.97632,307.5535459,103028.1838
3,Mon,23:40,65403.9619,148.1268093,95272.03111
3,Tue,0:00,52718.44055,82.33757358,105364.6851
3,Tue,0:20,46363.64719,57.65231078,106823.8818
3,Tue,0:40,42585.4297,46.97046445,103054.5538
3,Tue,1:00,42169.11793,54.58823028,97207.41356
3,Tue,1:20,43158.05053,58.60653779,91158.46026
3,Tue,1:40,39434.12488,39.18149254,83967.84661
3,Tue,2:00,41179.41772,26.18761186,74150.91795
3,Tue,2:20,54657.19758,19.71386874,74515.04248
3,Tue,2:40,59103.23978,13.47884484,79369.07031
3,Tue,3:00,46589.07791,13.59323349,76977.66357
3,Tue,3:20,43713.86553,25.99598978,79521.38023
3,Tue,3:40,50756.96105,53.49245691,93061.79341
3,Tue,4:00,51691.36571,105.3873722,109368.3395
3,Tue,4:20,56302.47138,165.2732272,121869.2139
3,Tue,4:40,69254.16469,147.6969452,134756.5665
3,Tue,5:00,85188.52059,210.8148067,163689.112
3,Tue,5:20,103236.0414,363.4829027,213399.4902
3,Tue,5:40,116126.8064,671.2755695,267388.2126
3,Tue,6:00,128676.3812,1350.158952,316299.4277
3,Tue,6:20,154488.5717,2665.398829,381741.6667
3,Tue,6:40,180632.4929,5400.635808,476040.9657
3,Tue,7:00,186006.5349,8849.47727,549344.6056
3,Tue,7:20,182197.4919,11925.03628,576447.0977
3,Tue,7:40,191442.878,14633.43063,606225.3576
3,Tue,8:00,201122.7383,15201.76083,633645.2141
3,Tue,8:20,209863.1757,12881.67832,634964.566
3,Tue,8:40,221896.1748,11827.24485,675746.3554
3,Tue,9:00,216326.9869,11536.8582,727628.1019
3,Tue,9:20,209248.4825,9019.732405,711163.5766
3,Tue,9:40,227139.852,7350.873338,729558.665
3,Tue,10:00,252584.9674,6699.026906,794974.9769
3,Tue,10:20,267097.9061,5914.060074,839606.1876
3,Tue,10:40,282428.1323,5494.38394,884831.2943
3,Tue,11:00,290147.4647,5981.414777,900863.4907
3,Tue,11:20,286726.8939,7324.142162,890849.12
3,Tue,11:40,269108.6,8621.179065,889839.7591
3,Tue,12:00,237462.0022,8622.259618,854932.8308
3,Tue,12:20,226182.0315,7096.963448,773492.7054
3,Tue,12:40,245492.2582,6969.646867,786950.6397
3,Tue,13:00,265304.4185,8527.147204,874358.7595
3,Tue,13:20,277193.1696,8920.773158,889877.586
3,Tue,13:40,285890.8274,7207.884759,860110.2042
3,Tue,14:00,272011.6722,6458.956846,810113.7018
3,Tue,14:20,249993.6093,6927.030918,741045.3819
3,Tue,14:40,247268.5431,6640.380396,724992.2469
3,Tue,15:00,257713.4747,6982.160445,735865.043
3,Tue,15:20,246380.8408,7471.057798,690644.8318
3,Tue,15:40,219131.9072,7017.131872,635131.2562
3,Tue,16:00,203511.6269,6189.739326,581953.7259
3,Tue,16:20,192388.9303,4729.209553,524746.7763
3,Tue,16:40,175887.9626,3245.631031,462085.4706
3,Tue,17:00,158343.5161,2948.977845,408785.6914
3,Tue,17:20,146957.8423,3117.881647,379403.6143
3,Tue,17:40,137816.1874,2774.454943,353541.2429
3,Tue,18:00,133919.3869,2858.496633,328718.4117
3,Tue,18:20,136005.9682,3597.004402,292233.7387
3,Tue,18:40,140820.0741,4550.369634,268685.1773
3,Tue,19:00,141198.9277,5757.145239,265523.4642
3,Tue,19:20,130176.8245,6538.220399,245859.8406
3,Tue,19:40,121700.1713,5177.266197,223673.0585
3,Tue,20:00,125560.052,2635.969859,221887.9644
3,Tue,20:20,130726.9045,2063.704223,225146.3003
3,Tue,20:40,126155.5936,2245.342038,210328.7616
3,Tue,21:00,118195.892,2002.013885,186106.4329
3,Tue,21:20,109818.6435,2093.269008,171416.4524
3,Tue,21:40,108921.622,1790.38534,162841.0965
3,Tue,22:00,104235.7618,1286.924835,154279.5742
3,Tue,22:20,97885.47941,487.1161507,144096.1397
3,Tue,22:40,97843.99696,288.4263936,133312.7165
3,Tue,23:00,90885.229,383.1272585,124744.7354
3,Tue,23:20,80585.09345,386.5202579,111651.9044
3,Tue,23:40,67581.73548,320.9594812,102533.444
3,Wed,0:00,56855.90809,149.0676502,107454.137
3,Wed,0:20,48722.94703,104.7754253,105027.015
3,Wed,0:40,44541.57101,119.6313123,98031.20313
3,Wed,1:00,40477.61711,73.47816199,98883.3948
3,Wed,1:20,36085.03544,48.04208952,101887.9831
3,Wed,1:40,41185.32811,46.44209914,98942.29731
3,Wed,2:00,45418.9618,79.83633364,93751.86795
3,Wed,2:20,41268.55812,120.0640745,92038.97457
3,Wed,2:40,38177.20403,109.8764863,89422.65021
3,Wed,3:00,36854.34926,91.9696556,84995.91733
3,Wed,3:20,41143.57915,57.05783633,92007.45576
3,Wed,3:40,43147.78157,47.0780561,97880.6718
3,Wed,4:00,44856.97141,128.3642551,98037.73996
3,Wed,4:20,53024.54421,250.2150276,109597.2164
3,Wed,4:40,67099.07856,209.1153557,133854.8032
3,Wed,5:00,90295.67397,157.896144,162713.3443
3,Wed,5:20,107710.2951,244.6230636,209782.6592
3,Wed,5:40,116099.7745,467.0523446,261816.9711
3,Wed,6:00,122426.2327,678.9907183,292560.0709
3,Wed,6:20,136029.9872,1193.06292,336776.3766
3,Wed,6:40,166492.0102,2486.093906,405635.6158
3,Wed,7:00,174112.4009,4068.448659,466515.4046
3,Wed,7:20,156149.0762,6928.18744,507324.2602
3,Wed,7:40,159002.5672,8673.841071,540094.7514
3,Wed,8:00,162695.0353,8745.955548,555100.8638
3,Wed,8:20,162689.7817,8176.202044,575412.6254
3,Wed,8:40,179897.7965,8290.403448,618383.5354
3,Wed,9:00,189949.5264,8462.5492,625478.3226
3,Wed,9:20,188242.3304,7159.180472,628194.0067
3,Wed,9:40,197925.7248,5578.47622,706559.1631
3,Wed,10:00,209678.5534,5375.485642,744711.5034
3,Wed,10:20,219404.1942,4879.489528,711333.0609
3,Wed,10:40,237932.3298,4549.325228,744632.9026
3,Wed,11:00,248338.3537,5243.575752,806390.2391
3,Wed,11:20,243967.4782,7293.29936,833959.0297
3,Wed,11:40,251721.8199,10193.41726,820715.3269
3,Wed,12:00,248609.5985,10788.98007,742766.6657
3,Wed,12:20,234204.9992,8885.501933,675713.3732
3,Wed,12:40,241204.7453,8730.514225,730612.9797
3,Wed,13:00,250080.7343,10046.61887,790168.958
3,Wed,13:20,245638.2988,9496.79794,748719.1401
3,Wed,13:40,235701.3293,8117.420034,740100.9924
3,Wed,14:00,228973.8861,8446.520756,778167.3978
3,Wed,14:20,233199.398,8050.786031,787895.8586
3,Wed,14:40,246863.1194,6868.520071,758552.3797
3,Wed,15:00,247675.9771,5744.423971,685951.2203
3,Wed,15:20,231575.6547,4181.107697,619090.3041
3,Wed,15:40,228782.1925,2881.486409,589783.1858
3,Wed,16:00,237057.8886,1989.538261,538124.0116
3,Wed,16:20,214898.9325,1757.161081,464853.0036
3,Wed,16:40,179016.257,1873.322277,428828.5356
3,Wed,17:00,169101.0958,2180.80562,401973.6591
3,Wed,17:20,157797.9437,2395.316209,351548.6754
3,Wed,17:40,143269.9878,2547.179951,314988.2748
3,Wed,18:00,142915.4196,3237.996188,297728.3182
3,Wed,18:20,140223.3157,3597.584365,277524.8592
3,Wed,18:40,140005.0683,2946.612813,269667.0325
3,Wed,19:00,151781.9072,2207.295765,280510.8054
3,Wed,19:20,160205.9471,2015.964407,287846.4009
3,Wed,19:40,161802.5767,1944.078198,277907.8262
3,Wed,20:00,160495.5021,1560.589869,255943.7032
3,Wed,20:20,151541.7215,1385.252005,228812.7409
3,Wed,20:40,144419.9754,1674.378555,213524.5682
3,Wed,21:00,131316.8729,1449.278655,207088.5475
3,Wed,21:20,109109.938,779.6206597,186500.7773
3,Wed,21:40,99292.93391,407.2507141,168438.6523
3,Wed,22:00,103748.1632,344.3352302,158531.3758
3,Wed,22:20,97334.1499,418.7120909,139166.5155
3,Wed,22:40,85423.23248,510.6015422,124977.054
3,Wed,23:00,81789.68498,386.2583103,121218.0653
3,Wed,23:20,83460.49593,208.0186271,116326.0409
3,Wed,23:40,78737.96997,162.7963945,114092.681
3,Thu,0:00,56823.92701,155.267426,113216.3827
3,Thu,0:20,51724.98419,93.89827708,109043.0565
3,Thu,0:40,54879.15302,61.71873216,103574.0589
3,Thu,1:00,49444.42848,89.85270873,97420.21847
3,Thu,1:20,44756.21737,102.6008314,98486.73414
3,Thu,1:40,46598.58577,91.5253132,99213.75365
3,Thu,2:00,49094.41947,50.0990082,92784.40014
3,Thu,2:20,55386.69135,38.83830065,91163.06526
3,Thu,2:40,54651.22841,57.23779984,88899.24323
3,Thu,3:00,38184.33817,64.52250537,82631.42868
3,Thu,3:20,34131.06598,68.56499837,84208.08166
3,Thu,3:40,40770.00585,74.35137417,92949.32703
3,Thu,4:00,38654.2018,91.36899744,104129.8002
3,Thu,4:20,43130.57072,156.2064408,115443.4752
3,Thu,4:40,63718.03407,192.3908982,131463.1356
3,Thu,5:00,84851.93441,216.1127124,162946.1568
3,Thu,5:20,102579.2,261.7265011,210786.948
3,Thu,5:40,118906.227,316.4168,256560.3882
3,Thu,6:00,141242.1846,553.5621099,290354.1496
3,Thu,6:20,167654.3207,1136.457171,342077.9999
3,Thu,6:40,189388.0954,2214.24844,413444.5308
3,Thu,7:00,189806.5816,4545.828685,450850.81
3,Thu,7:20,175673.0035,7575.954087,461112.5919
3,Thu,7:40,179584.0328,11728.98958,517759.6776
3,Thu,8:00,189383.2787,13792.94374,588629.5956
3,Thu,8:20,197159.7643,12471.092,604789.7641
3,Thu,8:40,211268.062,11332.52114,610258.7824
3,Thu,9:00,223338.069,10153.81646,658968.3039
3,Thu,9:20,233435.6831,7867.147847,714423.8252
3,Thu,9:40,241112.0718,6661.81126,738832.0767
3,Thu,10:00,243455.7888,6479.097409,754856.7489
3,Thu,10:20,242183.3575,5633.284948,773774.5213
3,Thu,10:40,248465.0997,5654.920318,818566.1759
3,Thu,11:00,261520.789,7303.966916,839429.5845
3,Thu,11:20,266608.5711,7905.4836,803330.4573
3,Thu,11:40,263517.5376,8786.086576,790871.8049
3,Thu,12:00,256372.2956,11277.77535,776907.6934
3,Thu,12:20,259219.9066,12071.29084,697774.6678
3,Thu,12:40,277192.8435,10296.38485,691194.3143
3,Thu,13:00,287595.1309,9708.035605,769439.9093
3,Thu,13:20,283117.3955,10097.52179,787849.03
3,Thu,13:40,260436.9206,10342.23172,769566.52
3,Thu,14:00,241725.8406,9903.425095,750822.9382
3,Thu,14:20,246216.4754,8335.802687,729474.2005
3,Thu,14:40,246164.7116,7888.629534,722962.2701
3,Thu,15:00,232237.9984,7319.099555,687541.0814
3,Thu,15:20,226170.7398,6011.410692,635661.5939
3,Thu,15:40,215742.4578,5279.205303,594775.9149
3,Thu,16:00,204470.5531,4452.774564,546211.2568
3,Thu,16:20,203967.7916,3246.632579,491635.1252
3,Thu,16:40,193773.316,3140.320406,436867.5712
3,Thu,17:00,182093.4937,3636.216182,394768.2665
3,Thu,17:20,166150.234,3282.63657,368930.6399
3,Thu,17:40,151309.2031,2433.425057,340321.0344
3,Thu,18:00,141765.8304,2138.686583,303324.8501
3,Thu,18:20,129995.8995,2283.198754,278070.9089
3,Thu,18:40,131357.3751,2410.679379,271206.3023
3,Thu,19:00,142568.6513,2187.22856,261965.6068
3,Thu,19:20,139151.2888,2042.183436,252628.1642
3,Thu,19:40,133981.0258,1784.756195,254369.8928
3,Thu,20:00,126529.3604,1755.248867,242386.7271
3,Thu,20:20,115652.0343,1672.921061,222905.1546
3,Thu,20:40,118434.7994,1031.065534,215955.5431
3,Thu,21:00,129158.154,768.6354403,204611.0872
3,Thu,21:20,126418.2958,1036.048394,185192.0952
3,Thu,21:40,116266.4875,1378.023644,175461.5697
3,Thu,22:00,105792.6926,1138.663875,166613.7844
3,Thu,22:20,89681.76841,868.9993801,153871.1856
3,Thu,22:40,84104.53296,644.2217608,138773.8286
3,Thu,23:00,80479.65253,282.4272223,115465.0316
3,Thu,23:20,61891.45572,88.14579366,91158.14425
3,Thu,23:40,49495.78017,84.80069947,83920.06609
3,Fri,0:00,50758.91742,154.3009734,94820.34909
3,Fri,0:20,52090.03208,191.6741172,96599.24154
3,Fri,0:40,55419.55079,237.4678,98660.37876
3,Fri,1:00,55898.1172,202.6331831,96249.31037
3,Fri,1:20,47601.93249,127.2928212,86058.6877
3,Fri,1:40,37931.32184,55.05442768,78646.79112
3,Fri,2:00,38196.14963,39.71982298,76999.20075
3,Fri,2:20,49599.0733,61.63246131,78522.06682
3,Fri,2:40,66208.03132,121.738647,82929.47982
3,Fri,3:00,59251.54812,238.0276502,86514.07221
3,Fri,3:20,44739.31282,365.6345538,87490.8282
3,Fri,3:40,42258.94003,265.3755825,89508.00812
3,Fri,4:00,45568.66747,199.2994225,87204.22641
3,Fri,4:20,55845.72167,289.6411515,92842.29859
3,Fri,4:40,73568.40183,449.350126,114947.3173
3,Fri,5:00,91693.39645,654.6130961,151587.5899
3,Fri,5:20,96772.43824,795.8078573,190015.7945
3,Fri,5:40,104542.167,860.1908405,220479.6832
3,Fri,6:00,129477.2447,1061.542777,260233.4038
3,Fri,6:20,159783.7786,1944.238475,315413.8456
3,Fri,6:40,182869.9687,3903.963973,381548.6857
3,Fri,7:00,184902.2205,7445.812669,439032.8791
3,Fri,7:20,175969.8047,12139.09144,481587.9886
3,Fri,7:40,176251.8741,14788.64378,527869.9017
3,Fri,8:00,178272.4326,14402.48699,520798.2186
3,Fri,8:20,182050.6019,11625.2402,477493.2839
3,Fri,8:40,181956.1916,10053.91645,493739.675
3,Fri,9:00,173477.5618,9847.000553,513880.5098
3,Fri,9:20,170018.3546,9461.103013,511084.2952
3,Fri,9:40,193069.1467,8263.102778,579000.6499
3,Fri,10:00,223637.1445,6401.66611,656338.2962
3,Fri,10:20,230052.5156,5037.049058,644984.5205
3,Fri,10:40,236703.881,5161.401987,646507.0732
3,Fri,11:00,248153.5742,5208.644174,701648.3406
3,Fri,11:20,251765.0858,5559.980198,731613.216
3,Fri,11:40,246722.8722,7292.294964,718468.5959
3,Fri,12:00,240180.1772,8866.963708,676334.7311
3,Fri,12:20,242254.4426,9545.736595,615143.4722
3,Fri,12:40,252360.9549,8973.777006,610824.2738
3,Fri,13:00,267167.4643,8568.994854,668426.0038
3,Fri,13:20,286447.7995,9678.140062,693875.0933
3,Fri,13:40,304388.7874,9792.359762,689116.8362
3,Fri,14:00,288592.7218,8042.072357,675844.7347
3,Fri,14:20,263702.5651,6656.668214,648848.2312
3,Fri,14:40,252210.3431,6069.70483,625635.6523
3,Fri,15:00,223961.1695,5491.739741,575081.7387
3,Fri,15:20,195069.8666,4918.332701,488942.1263
3,Fri,15:40,199465.3438,4195.350905,449397.3858
3,Fri,16:00,200700.0982,3324.12604,439401.419
3,Fri,16:20,174953.0605,2953.283617,402554.3371
3,Fri,16:40,159832.4101,3222.969325,375594.0892
3,Fri,17:00,165699.6142,3492.74878,362301.2249
3,Fri,17:20,174934.6628,3539.443463,337338.978
3,Fri,17:40,176301.854,3177.726257,319144.3053
3,Fri,18:00,161394.6352,2503.550092,305039.6121
3,Fri,18:20,145405.1076,2450.370471,278073.8783
3,Fri,18:40,147814.3471,2298.921414,256977.307
3,Fri,19:00,152887.4454,1766.88339,260070.2484
3,Fri,19:20,156331.9259,1719.075555,270609.1609
3,Fri,19:40,153972.5688,1691.944572,265897.621
3,Fri,20:00,157022.0414,1804.793308,252742.3696
3,Fri,20:20,170763.7987,2272.321348,235635.2043
3,Fri,20:40,173973.4805,2176.084595,228889.0754
3,Fri,21:00,166980.6897,2092.569043,240377.0999
3,Fri,21:20,156999.0282,2137.264081,241824.7944
3,Fri,21:40,148123.4386,1926.634011,227260.8878
3,Fri,22:00,137345.5682,1786.997432,207382.2479
3,Fri,22:20,132290.8213,1686.81392,195058.16
3,Fri,22:40,136670.3096,1798.823064,196052.301
3,Fri,23:00,128618.7177,1861.770271,188918.591
3,Fri,23:20,114096.3186,1354.561487,167247.5975
3,Fri,23:40,103858.824,974.0977084,153603.1666
3,Sat,0:00,90505.71938,820.2414284,156165.0546
3,Sat,0:20,83782.05949,363.9025737,146304.4564
3,Sat,0:40,73741.12288,228.6851875,130843.4316
3,Sat,1:00,71711.70152,319.5408993,125327.653
3,Sat,1:20,72110.22311,259.346741,125380.4911
3,Sat,1:40,65067.55092,262.0941326,119487.545
3,Sat,2:00,57177.45461,462.5645949,108445.9596
3,Sat,2:20,47018.91414,347.3172954,94537.24805
3,Sat,2:40,41699.66781,142.6218773,89296.07172
3,Sat,3:00,45269.08511,141.0841089,91066.5778
3,Sat,3:20,49864.50661,202.4563072,90834.46891
3,Sat,3:40,52251.74325,169.3147711,94889.01585
3,Sat,4:00,46419.42807,124.4621366,99321.89515
3,Sat,4:20,40866.59716,127.8014368,98667.84423
3,Sat,4:40,38005.98568,171.2300102,97836.26036
3,Sat,5:00,46184.92484,243.0285811,107263.8201
3,Sat,5:20,62267.25515,385.9166519,121387.8286
3,Sat,5:40,62541.50342,519.2307221,129237.3343
3,Sat,6:00,50915.94014,529.3054048,126996.6994
3,Sat,6:20,45877.65647,646.5193524,119290.8227
3,Sat,6:40,48421.3962,870.8262028,117555.7698
3,Sat,7:00,52059.02304,1023.029936,122581.8049
3,Sat,7:20,64187.57389,1282.125177,139421.7001
3,Sat,7:40,78289.13262,1925.79902,170029.1051
3,Sat,8:00,82857.57817,2343.272023,198276.1703
3,Sat,8:20,85016.20676,1852.564646,220252.9591
3,Sat,8:40,91427.52065,1568.040336,249303.0255
3,Sat,9:00,94409.89247,1824.837697,271264.3736
3,Sat,9:20,95057.37634,1799.852059,289800.3182
3,Sat,9:40,101940.7555,1623.950055,324858.8198
3,Sat,10:00,116814.8572,1779.048907,341576.6035
3,Sat,10:20,130296.2507,2143.09244,328955.2868
3,Sat,10:40,146668.5186,2473.212091,348937.1959
3,Sat,11:00,165139.6012,3100.004022,404077.0867
3,Sat,11:20,166993.6138,4143.785561,445955.6947
3,Sat,11:40,171538.0247,4005.786398,475884.4437
3,Sat,12:00,189090.5408,3298.031387,502285.9514
3,Sat,12:20,202233.2578,3015.703305,515048.0009
3,Sat,12:40,213081.3642,3140.488114,503659.1524
3,Sat,13:00,209289.5254,3583.665175,491188.9633
3,Sat,13:20,203619.7509,3716.061053,460597.6994
3,Sat,13:40,217186.5797,3106.202501,459362.4086
3,Sat,14:00,218709.8108,2501.705522,487961.9135
3,Sat,14:20,210874.9719,2312.022466,469471.4499
3,Sat,14:40,202458.5477,2696.912792,443309.1374
3,Sat,15:00,176775.71,2845.416593,401841.8982
3,Sat,15:20,156563.828,2318.314136,351527.1472
3,Sat,15:40,160358.725,2551.962137,346867.7187
3,Sat,16:00,170125.4586,2948.787199,351309.0979
3,Sat,16:20,166097.9908,3116.707317,317903.3649
3,Sat,16:40,150443.4169,2763.371671,292990.7832
3,Sat,17:00,141249.2257,1994.345011,291357.0938
3,Sat,17:20,138179.1576,1556.304593,277714.9558
3,Sat,17:40,139687.1941,1671.342559,277362.4448
3,Sat,18:00,144816.5965,1785.983935,284481.1555
3,Sat,18:20,143945.3406,1526.658289,274770.9667
3,Sat,18:40,141082.8534,1772.604771,268620.0239
3,Sat,19:00,147933.2696,2080.302886,261594.2282
3,Sat,19:20,158720.6611,1891.520063,259267.4432
3,Sat,19:40,160641.4843,2286.449557,257760.6421
3,Sat,20:00,152247.3158,2911.247182,249367.7137
3,Sat,20:20,139668.0715,2559.316384,241338.1964
3,Sat,20:40,133949.9672,2519.345931,238159.6558
3,Sat,21:00,136974.8068,2935.464144,231354.6769
3,Sat,21:20,130235.4996,2340.856777,211515.0417
3,Sat,21:40,125726.9452,1771.541777,201094.6299
3,Sat,22:00,127330.2026,2291.434672,205784.0258
3,Sat,22:20,120009.8459,2353.126991,202871.5712
3,Sat,22:40,118027.3158,1852.208208,189672.2967
3,Sat,23:00,118940.4083,1699.600341,171075.3933
3,Sat,23:20,114803.5319,1497.913951,147937.3195
3,Sat,23:40,114904.4553,1155.638801,137393.7391
3,Sun,0:00,113932.6443,762.6876508,143195.0708
3,Sun,0:20,104293.7823,422.3880015,138496.9805
3,Sun,0:40,103146.5684,325.3763529,129015.5175
3,Sun,1:00,107822.7953,292.4577942,123690.5597
3,Sun,1:20,101287.3732,362.6615281,123733.1625
3,Sun,1:40,85912.93955,554.0264767,124523.3187
3,Sun,2:00,69050.58856,578.8765209,116875.1374
3,Sun,2:20,53906.40131,429.2851423,108520.0033
3,Sun,2:40,45101.92444,355.0360296,104150.8207
3,Sun,3:00,46207.80134,741.0663335,98669.9685
3,Sun,3:20,52040.06102,1643.137777,96303.56019
3,Sun,3:40,60380.29374,1732.289418,94327.49924
3,Sun,4:00,75006.63971,844.44007,88974.12751
3,Sun,4:20,81442.63116,317.3436699,86871.86458
3,Sun,4:40,67037.56407,201.5098358,92360.50301
3,Sun,5:00,56418.01584,754.4118321,102035.8597
3,Sun,5:20,60957.35056,1557.887796,106866.7312
3,Sun,5:40,67085.5695,1207.223889,109609.2036
3,Sun,6:00,67048.64162,1095.166733,113816.155
3,Sun,6:20,67732.96126,926.8569118,118639.7136
3,Sun,6:40,66538.88848,827.4846026,127161.2446
3,Sun,7:00,66673.28346,1151.209216,133064.3901
3,Sun,7:20,72530.45268,1952.593447,138536.7287
3,Sun,7:40,75837.18369,2028.463571,151162.4646
3,Sun,8:00,80804.19883,1134.934968,164057.0241
3,Sun,8:20,85493.08676,707.6837707,172176.961
3,Sun,8:40,90872.20666,934.5395735,196497.0512
3,Sun,9:00,98181.64353,1359.593871,229285.0436
3,Sun,9:20,102494.2058,1408.782008,250278.5118
3,Sun,9:40,106893.0294,1176.452164,267468.0764
3,Sun,10:00,107388.5104,1247.522015,272390.4835
3,Sun,10:20,109290.7792,1502.992901,268587.8553
3,Sun,10:40,116511.0523,1479.869613,296983.4574
3,Sun,11:00,130198.4948,1384.07662,337818.3455
3,Sun,11:20,141049.0929,1731.477693,352588.2811
3,Sun,11:40,146363.6293,2293.388591,367338.2498
3,Sun,12:00,153370.1429,2436.281403,376568.8961
3,Sun,12:20,159018.7725,2653.190086,384684.9949
3,Sun,12:40,163781.1989,3094.077522,406978.8334
3,Sun,13:00,159134.1757,3072.68512,404638.7554
3,Sun,13:20,147769.9536,2728.681013,392076.7259
3,Sun,13:40,145977.569,2400.817317,407178.4498
3,Sun,14:00,152917.6529,2515.710319,415946.9455
3,Sun,14:20,162333.9413,3209.59861,402768.5745
3,Sun,14:40,165611.7079,3140.186994,395255.1119
3,Sun,15:00,161041.5959,2314.549092,380981.6155
3,Sun,15:20,154459.1865,1987.155289,354801.3903
3,Sun,15:40,141969.1942,1658.61294,329068.9571
3,Sun,16:00,139059.6555,1502.177693,303400.5615
3,Sun,16:20,139919.4652,1861.518871,284465.187
3,Sun,16:40,126846.1602,2452.890152,266725.8585
3,Sun,17:00,120154.0129,2455.26021,240626.6615
3,Sun,17:20,121159.8569,1597.026469,220407.9692
3,Sun,17:40,116900.9376,1352.896401,224559.9372
3,Sun,18:00,114765.9541,1709.449174,224756.1765
3,Sun,18:20,117366.4947,1476.379282,201785.6635
3,Sun,18:40,117700.6886,1276.210471,194840.352
3,Sun,19:00,116087.8336,1345.065691,207707.5345
3,Sun,19:20,109004.5678,1606.87666,211617.5222
3,Sun,19:40,109452.4362,2056.976787,194903.9358
3,Sun,20:00,108449.5011,1651.531725,184524.2111
3,Sun,20:20,94390.00502,1117.74567,187939.144
3,Sun,20:40,94179.28883,1014.130569,181990.3849
3,Sun,21:00,99636.02226,941.1629271,160725.0644
3,Sun,21:20,103372.0586,1333.325088,137702.1144
3,Sun,21:40,101113.4258,1661.563969,135891.9982
3,Sun,22:00,88969.04051,1142.77304,137859.6127
3,Sun,22:20,84407.14265,880.2564,124755.0662
3,Sun,22:40,79556.52639,979.8269527,111501.8726
3,Sun,23:00,73227.17735,885.6370392,97577.82355
3,Sun,23:20,67529.02461,460.1656471,87622.13808
3,Sun,23:40,64814.82885,316.5713935,86478.05976
